"p_val","avg_log2FC","pct.1","pct.2","p_val_adj","cluster","gene"
1.64706587524129e-146,0.743656097480917,1,0.991,5.39216426236495e-142,"0","RPS12"
2.6774865721679e-145,0.69178213091373,1,0.995,8.76555553996326e-141,"0","RPS6"
8.40292527495796e-143,0.639006697240264,0.999,0.995,2.75094967651574e-138,"0","RPL32"
1.18608168431554e-136,0.646299459428102,1,0.994,3.88299421811222e-132,"0","RPS14"
3.12204059324791e-136,0.725361286869937,0.999,0.992,1.0220936494175e-131,"0","RPS27"
1.49322156955768e-125,0.775805443112489,0.997,0.975,4.88850877441793e-121,"0","RPS25"
9.66854231559817e-124,0.787064374427635,0.999,0.963,3.16528738328053e-119,"0","RPL31"
1.87006901526961e-121,0.77442572002986,0.999,0.97,6.12223194218965e-117,"0","RPL9"
1.05953708468023e-116,0.602392751209164,1,0.994,3.46871250782613e-112,"0","RPS3"
1.22803671020207e-116,0.822837420874704,0.999,0.974,4.02034658185953e-112,"0","RPS3A"
6.15600190981412e-115,0.560642087877066,1,0.996,2.01535190523495e-110,"0","RPL13"
8.41458216224799e-115,0.616533386257236,0.997,0.995,2.75476590827675e-110,"0","RPL3"
3.09645417372013e-113,1.21979648175225,0.913,0.592,1.0137171673925e-108,"0","LDHB"
8.57569309158071e-110,0.658868367927633,0.997,0.983,2.80751040432169e-105,"0","RPS15A"
5.25952543927966e-108,0.671351506608359,1,0.98,1.72186343831138e-103,"0","RPL30"
3.75375904253618e-107,0.664232395690361,0.997,0.991,1.22890563534549e-102,"0","RPL21"
8.03720900637892e-105,0.609102126316952,1,0.99,2.63122148450833e-100,"0","RPLP2"
2.50773694690068e-104,0.766235714485124,0.997,0.966,8.20982921676344e-100,"0","RPS27A"
9.13806372802404e-100,0.725293724822299,0.985,0.962,2.99161930328051e-95,"0","RPS13"
1.92353599091775e-98,0.537465517759403,0.994,0.991,6.29727212706653e-94,"0","EEF1A1"
3.56884736797208e-95,0.527880097304424,1,0.996,1.1683692513267e-90,"0","RPS18"
6.27056401332024e-95,0.487731933683398,1,0.999,2.05285724668078e-90,"0","RPL13A"
5.53609028804972e-93,0.475321084931752,1,0.995,1.81240523850172e-88,"0","RPL11"
6.04429947485143e-93,0.653541093484174,1,0.999,1.97878276207686e-88,"0","MALAT1"
1.02946208785589e-90,0.657982972246075,0.993,0.968,3.3702529832226e-86,"0","RPS28"
3.03644481796063e-89,0.590265809860443,1,0.98,9.9407130450395e-85,"0","RPL35A"
2.53061657006346e-88,0.539588332079493,0.999,0.988,8.28473252707375e-84,"0","RPL27A"
2.32220583344207e-87,0.58951150968285,1,0.976,7.60243745752264e-83,"0","RPS23"
1.51810497144192e-86,0.717649524765433,0.991,0.942,4.96997205550656e-82,"0","RPS20"
3.05384772130348e-86,0.769776776769195,0.993,0.904,9.99768667000332e-82,"0","RPS29"
3.55911399611435e-86,0.612699893108544,0.996,0.983,1.16518274004792e-81,"0","TPT1"
7.32023646390657e-84,0.557534796715458,1,0.988,2.39649901355373e-79,"0","RPL23A"
5.25366904059185e-83,2.33008073092327,0.44,0.111,1.71994617050896e-78,"0","CCR7"
2.44538834874394e-80,0.524244824879877,0.997,0.992,8.0057123761179e-76,"0","RPS4X"
1.13691508519709e-78,1.05994383631141,0.853,0.403,3.72203260591822e-74,"0","CD3D"
9.49766117782726e-78,0.618316782513149,0.988,0.969,3.10934431639709e-73,"0","RPL5"
5.48281568877739e-76,0.557023337090514,0.996,0.982,1.79496420019194e-71,"0","RPS16"
2.35425687855184e-75,0.371905200851746,1,0.997,7.70736616900302e-71,"0","RPL10"
1.7407181266128e-73,0.555059824612898,0.991,0.985,5.69876300290497e-69,"0","RPL10A"
1.15745145361872e-71,0.400555571745222,0.999,0.993,3.78926456885697e-67,"0","RPL19"
4.00391646511575e-70,0.595127382891419,0.99,0.948,1.31080217234959e-65,"0","RPSA"
2.35542810430177e-64,0.448651050961767,0.996,0.985,7.71120052786313e-60,"0","RPL14"
1.98775824760726e-63,0.519494370823428,0.99,0.975,6.50752295101664e-59,"0","RPS5"
1.77000934729846e-61,0.804823525247059,0.923,0.797,5.7946566011857e-57,"0","NPM1"
2.33141567586612e-61,0.537951959152017,0.993,0.968,7.63258863965051e-57,"0","RPS10"
1.46586950853677e-60,0.567107454569445,0.99,0.938,4.79896359704766e-56,"0","RPLP0"
1.51072050857613e-60,0.420498825061854,1,0.989,4.94579680097654e-56,"0","RPS15"
6.53519154018938e-58,0.499640097406465,0.999,0.978,2.1394910064272e-53,"0","RPL18"
7.99096025537031e-58,0.555322890520015,0.99,0.948,2.61608056840313e-53,"0","RPL36"
1.571161930276e-56,0.606514988781269,0.984,0.965,5.14366992733757e-52,"0","RPL7"
2.2460313205649e-53,1.0098640048247,0.732,0.399,7.35305733726537e-49,"0","CD3E"
3.33664440163932e-53,0.621429553478328,0.965,0.887,1.09235064420868e-48,"0","RPL36A"
4.11343115520446e-53,0.534402108360194,0.994,0.956,1.34665509159084e-48,"0","RPL4"
6.58540053271508e-52,0.603144596817881,0.948,0.867,2.15592842640026e-47,"0","EEF1B2"
1.81112979028863e-48,1.21691042414009,0.633,0.358,5.92927670744691e-44,"0","NOSIP"
3.41879172444805e-48,0.438902147250834,0.997,0.984,1.1192440347498e-43,"0","RPS8"
3.80587577913682e-48,0.482872877936703,0.978,0.957,1.24596761257381e-43,"0","RPL17"
5.32405812045323e-48,2.04922556128533,0.341,0.108,1.74299014747398e-43,"0","PRKCQ-AS1"
8.83096113494533e-48,0.375369605251534,0.999,0.992,2.8910800563584e-43,"0","RPS19"
1.36941320004323e-47,0.334509097374741,1,0.995,4.48318493430153e-43,"0","RPS2"
1.41947832369167e-46,0.320574426456584,0.999,0.992,4.64708813610177e-42,"0","RPL18A"
3.83827696548804e-46,0.706707170678456,0.914,0.776,1.25657511296147e-41,"0","RPL22"
5.68389811301637e-46,2.04783804103323,0.331,0.107,1.8607945642393e-41,"0","LEF1"
7.43988633536497e-45,0.644334769407475,0.949,0.857,2.43566998847178e-40,"0","BTG1"
9.48666677419242e-42,0.70786817827466,0.914,0.904,3.10574496853511e-37,"0","JUNB"
1.99255628744455e-41,1.45921920844803,0.437,0.186,6.52323077383597e-37,"0","PIK3IP1"
2.67863801247993e-41,0.621752267550594,0.918,0.804,8.76932512525678e-37,"0","GLTSCR2"
5.75739463075701e-41,0.867480584215183,0.583,0.292,1.88485585421723e-36,"0","CD7"
8.05726447864026e-41,0.516996495955644,0.966,0.897,2.63778724501725e-36,"0","RPS26"
2.9784096399116e-40,0.327078586690281,1,0.996,9.75071747914259e-36,"0","RPLP1"
6.22305984491555e-40,0.793407134401748,0.841,0.701,2.03730533202845e-35,"0","TMEM66"
8.62042978613732e-39,0.544038983977353,0.943,0.838,2.82215630338563e-34,"0","RPS21"
2.73428289847277e-38,0.538084688791756,0.952,0.872,8.95149535302014e-34,"0","RPL38"
1.67005349171457e-37,0.912153243390238,0.608,0.33,5.46742112117515e-33,"0","IL7R"
1.80265275066611e-36,0.434570212059501,0.987,0.941,5.90152457513071e-32,"0","RPL24"
3.17367858607244e-36,0.294396754060561,1,0.989,1.03899889550839e-31,"0","RPL12"
5.66429727520723e-35,1.932501461657,0.268,0.087,1.85437764195734e-30,"0","MAL"
7.31459089665956e-35,0.44895685952364,0.987,0.943,2.39465076774841e-30,"0","RPL37"
1.59736096083616e-33,0.389422846688419,0.993,0.964,5.22944031358542e-29,"0","RPL35"
4.18427234899891e-33,1.30932488970388,0.389,0.178,1.36984708161526e-28,"0","TCF7"
6.93333697436701e-32,0.391170035414643,0.977,0.951,2.26983585866827e-27,"0","RPL27"
3.25180911932801e-31,0.980609283380481,0.405,0.181,1.06457726948561e-26,"0","CD27"
3.72215787248758e-31,0.623805760286048,0.933,0.902,1.21856004429498e-26,"0","RPL34"
1.1873337171363e-30,0.384916586384924,0.985,0.945,3.88709312316081e-26,"0","RPL37A"
4.02845244321788e-30,0.502502475126777,0.939,0.87,1.31883476086067e-25,"0","RPS4Y1"
5.76843742444582e-30,0.916084478817212,0.695,0.493,1.88847104401507e-25,"0","C6orf48"
3.89397594688197e-29,0.444738906064352,0.902,0.634,1.27480984549022e-24,"0","LTB"
6.18574887365268e-29,0.580917231852497,0.847,0.697,2.02509046625642e-24,"0","RPSAP58"
6.47778292423321e-29,0.308910865907909,0.999,0.992,2.12069657373547e-24,"0","RPL6"
2.03909389820609e-27,0.286151489000099,0.996,0.996,6.67558560394711e-23,"0","RPL15"
5.9499890519411e-27,0.327267838891092,0.987,0.975,1.94790741582448e-22,"0","RPL7A"
5.04136466348512e-24,1.07955252542782,0.397,0.212,1.65044196353176e-19,"0","LEPROTL1"
1.62168477054897e-22,1.09198102090797,0.362,0.184,5.30907160182321e-18,"0","RGCC"
5.16743419594324e-22,0.658817145325515,0.646,0.44,1.6917146070679e-17,"0","AES"
8.28783168562938e-21,0.280510971698045,0.997,0.987,2.71327033724135e-16,"0","RPS7"
1.1210371078865e-20,1.39482560820231,0.281,0.135,3.67005128379883e-16,"0","FLT3LG"
2.64345794049159e-20,1.11505103687635,0.429,0.257,8.65415260558136e-16,"0","C12orf57"
2.76291875731446e-20,0.337378154609169,0.965,0.917,9.04524342769609e-16,"0","HNRNPA1"
5.03870082566711e-20,0.750233968769141,0.55,0.385,1.6495698763069e-15,"0","TMEM123"
5.83265907575226e-20,1.07741011795725,0.446,0.282,1.90949592821977e-15,"0","NDFIP1"
7.97092094702549e-20,0.80412545187761,0.414,0.241,2.6095200996372e-15,"0","GIMAP5"
1.39626912666904e-19,0.78256263046368,0.503,0.311,4.57110586688911e-15,"0","LCK"
5.18478165582784e-19,0.4837461342877,0.84,0.758,1.69739381848492e-14,"0","TOMM7"
4.05417043488908e-18,0.879034939704609,0.337,0.178,1.32725431697399e-13,"0","CD3G"
4.43573416231675e-17,1.01499013139265,0.364,0.21,1.45217065005926e-12,"0","RHOH"
6.39105015874514e-17,0.451207940436036,0.592,0.431,2.09230200096998e-12,"0","SELL"
9.55012952536806e-17,0.497747003584911,0.742,0.607,3.12652140401499e-12,"0","HINT1"
1.0133215569299e-16,0.696142215657021,0.531,0.377,3.31741211307712e-12,"0","RGS10"
5.18900444350166e-16,1.00866838746503,0.398,0.255,1.69877627471357e-11,"0","DNAJB1"
4.12095237076673e-15,0.838503892116898,0.399,0.255,1.34911738714161e-10,"0","GYPC"
1.41747094582578e-14,0.523317962702014,0.739,0.606,4.64051638244443e-10,"0","EIF4A2"
1.65602638783393e-14,1.01569945397606,0.264,0.141,5.42149918849071e-10,"0","TRAT1"
2.36861057176132e-14,0.320156413995211,0.901,0.843,7.75435728983221e-10,"0","RPL23"
4.47219929769677e-14,0.28250849989613,0.965,0.967,1.46410860607997e-09,"0","EEF1D"
2.04046194200928e-13,0.55094120065108,0.637,0.496,6.68006430574997e-09,"0","EVL"
3.75411594358929e-13,0.406152424713734,0.774,0.64,1.22902247761226e-08,"0","HSPA8"
7.03964934780481e-13,0.851645615332806,0.254,0.137,2.30464040348434e-08,"0","AQP3"
7.23415121723793e-13,0.763507208033715,0.324,0.193,2.36831642549935e-08,"0","OCIAD2"
1.32090715707259e-12,0.362499501270888,0.889,0.85,4.32438585082424e-08,"0","PABPC1"
3.6124250707416e-12,0.475018854794847,0.736,0.623,1.18263571965938e-07,"0","ZFP36L2"
5.27579966917594e-12,0.346404623599627,0.429,0.28,1.72719129569482e-07,"0","CD2"
6.78165181916573e-12,0.764042022021601,0.312,0.188,2.22017717255848e-07,"0","LAT"
1.63414389574363e-11,0.453780611973968,0.675,0.576,5.3498602858855e-07,"0","COMMD6"
3.40856691995267e-11,0.888018677204561,0.397,0.27,1.1158966382541e-06,"0","ACAP1"
3.52827409617934e-11,0.547031750027297,0.598,0.483,1.15508637360719e-06,"0","SOD1"
5.60276259373912e-11,0.709097024701285,0.378,0.26,1.83423241793831e-06,"0","PRDX2"
6.00589315532932e-11,0.540090074477205,0.475,0.348,1.96620930119171e-06,"0","PEBP1"
6.98714197392235e-11,0.636207637991427,0.399,0.286,2.2874505394227e-06,"0","PPA1"
7.43594058350183e-11,0.493405907783018,0.453,0.341,2.43437822822683e-06,"0","FYB"
1.08308007456176e-10,0.295885374764949,0.793,0.713,3.54578754810028e-06,"0","SRSF5"
1.28986126092715e-10,0.697875307092742,0.554,0.457,4.2227477960233e-06,"0","TRAF3IP3"
1.76652919024698e-10,0.673758926277975,0.337,0.222,5.78326326303055e-06,"0","SLC2A3"
1.9844188907025e-10,0.341342824396709,0.624,0.511,6.49659056438186e-06,"0","GIMAP7"
2.7190946464362e-10,0.304356665031504,0.697,0.567,8.90177205350282e-06,"0","CXCR4"
3.69359545275228e-10,0.587589519577848,0.483,0.375,1.20920927932204e-05,"0","ST13"
4.27739764045816e-09,0.286143512011438,0.873,0.793,0.000140033443953319,"0","DDX5"
6.62408503794139e-09,0.447721021304617,0.636,0.546,0.000216859295972125,"0","SNRPD2"
1.10556000769334e-08,0.375624661369609,0.757,0.677,0.000361938235318645,"0","COX7C"
2.66917010552805e-08,0.643666122794395,0.404,0.301,0.000873832909147774,"0","RSL1D1"
3.86696981084748e-08,0.384633847235892,0.449,0.33,0.00126596857667525,"0","CD69"
5.87416254116876e-08,0.696092359219412,0.312,0.222,0.00192308333272783,"0","EEF1G"
6.87340737369365e-08,0.309378291407356,0.776,0.731,0.00225021610599983,"0","JUN"
7.07825231277908e-08,0.820938230780618,0.252,0.167,0.00231727824215761,"0","PSIP1"
9.68103371981018e-08,0.35480696736528,0.415,0.317,0.00316937681919146,"0","CYTIP"
2.56701635462104e-07,0.309582967603924,0.741,0.666,0.00840389814175835,"0","NBEAL1"
3.14237484221535e-07,0.579349568323795,0.434,0.355,0.0102875067584446,"0","EIF3E"
7.26634942320381e-07,0.458243569515138,0.469,0.388,0.0237885747416846,"0","UXT"
8.7270310861395e-07,0.268185958303262,0.915,0.889,0.0285705543698035,"0","BTF3"
9.53771004489463e-07,0.708081607423561,0.389,0.305,0.031224555144976,"0","CCDC109B"
1.20431571019019e-06,0.531393660911175,0.424,0.34,0.0394268877202065,"0","BTG2"
2.93717912383118e-06,0.35061633384263,0.391,0.293,0.0961573701559852,"0","STK17A"
5.03472781663118e-06,0.343506472297601,0.59,0.526,0.164826919260872,"0","RPL41"
5.84600987186401e-06,0.488559726164067,0.27,0.188,0.191386671185084,"0","SPOCK2"
1.26434174039036e-05,0.492502877088107,0.431,0.357,0.413920198968995,"0","MZT2B"
3.0044133841989e-05,0.60373635635914,0.327,0.257,0.983584853719036,"0","RPL39"
5.75272201242522e-05,0.4232165756422,0.258,0.189,1,"0","SBDS"
6.57798067241718e-05,0.572099761295694,0.278,0.212,1,"0","CITED2"
9.14423784268902e-05,0.344123541787709,0.729,0.653,1,"0","TMA7"
0.000115627567524362,0.395632663793873,0.481,0.42,1,"0","CUTA"
0.000120800263562402,0.743096454031384,0.299,0.234,1,"0","SNHG8"
0.0001510456528624,0.427779028010868,0.258,0.195,1,"0","EIF2S3"
0.000203513946695669,0.782586569199392,0.273,0.21,1,"0","MRPS21"
0.000337178786175611,0.289625151920959,0.672,0.616,1,"0","CCNI"
0.000380836098402137,0.321089177337099,0.497,0.446,1,"0","GIMAP4"
0.000396953304905626,0.341419915873658,0.204,0.277,1,"0","NDUFA2"
0.00077685351030176,0.434194956647644,0.302,0.247,1,"0","MZT2A"
0.000811361548270489,0.326352791982537,0.423,0.361,1,"0","CMPK1"
0.000959589457751328,0.376962954050663,0.297,0.234,1,"0","BIN1"
0.00122929128011473,0.311319940607979,0.322,0.261,1,"0","ARHGAP15"
0.00149317953521152,0.348774641226783,0.276,0.218,1,"0","CDC42SE2"
0.0015023134625296,0.650137318338563,0.271,0.22,1,"0","SEPT1"
0.00160757157268407,0.428700354316244,0.306,0.259,1,"0","TOMM20"
0.00162833971880924,0.454595129680117,0.35,0.302,1,"0","SON"
0.00199471200683815,0.330879423156731,0.331,0.279,1,"0","ANKRD12"
0.00199765683162066,0.275854706466108,0.776,0.748,1,"0","RPL36AL"
0.00426365044029996,0.320939957355771,0.357,0.314,1,"0","GIMAP1"
0.00529343938426766,0.278636380848545,0.401,0.363,1,"0","C1QBP"
0.00543426678165397,0.555998246523684,0.287,0.246,1,"0","PCNP"
0.00717925924593844,0.265777438616563,0.509,0.484,1,"0","ZFAS1"
0.00772814160618364,0.350287907331871,0.426,0.388,1,"0","NDUFS5"
0.00981927455176303,0.58469976936759,0.309,0.266,1,"0","FBL"
0,6.55482485455525,0.971,0.123,0,"1","S100A8"
0,5.35934678275094,0.902,0.061,0,"1","LGALS2"
0,4.10542318408133,0.954,0.151,0,"1","FCN1"
0,6.12854563815832,0.996,0.216,0,"1","S100A9"
7.71547017446789e-291,5.8892954737401,0.664,0.029,2.5258906257173e-286,"1","CD14"
2.89204894443954e-283,3.26193257077597,0.994,0.265,9.46798983430616e-279,"1","TYROBP"
6.14633339958351e-274,5.29082084338228,0.683,0.042,2.01218662835565e-269,"1","MS4A6A"
2.81940993621993e-267,3.18153622215017,0.992,0.266,9.23018424919682e-263,"1","CST3"
6.17058647082336e-266,4.68874903161204,1,0.517,2.02012659881815e-261,"1","LYZ"
7.43948664096117e-238,3.12234051517078,0.916,0.223,2.43553913651787e-233,"1","TYMP"
1.7546392394585e-234,3.17897969732349,0.789,0.106,5.74433794213923e-230,"1","CFD"
6.24394594434113e-230,2.35593893385707,0.958,0.223,2.0441430232584e-225,"1","LST1"
1.60470994322173e-228,2.55244199028612,0.958,0.245,5.25349941211929e-224,"1","AIF1"
5.45100143517791e-228,2.78105268035942,0.979,0.365,1.78454884984855e-223,"1","LGALS1"
5.65411962103966e-215,2.6423243027597,1,0.987,1.85104568153596e-210,"1","FTL"
4.04895254221606e-213,2.57666093663784,0.921,0.313,1.32554608327069e-208,"1","GPX1"
1.90354345101955e-212,2.87189079321551,0.939,0.353,6.23182054994779e-208,"1","GSTP1"
4.2517541573701e-212,3.58637081422838,0.754,0.129,1.39193927603982e-207,"1","GRN"
5.21002388302171e-205,2.11489077309739,0.996,0.736,1.70565761882365e-200,"1","S100A6"
5.05304998658176e-200,2.22066016193347,1,0.987,1.65426750460714e-195,"1","FTH1"
1.0356549871107e-194,2.06900315675439,0.939,0.229,3.39052729680301e-190,"1","FCER1G"
2.02046553439666e-186,2.36788801743502,0.946,0.429,6.61460006650779e-182,"1","CTSS"
4.13078461973629e-186,2.95339847222975,0.718,0.113,1.35233626880927e-181,"1","CD68"
2.78555079595944e-178,1.70133396462591,1,0.771,9.11933619581203e-174,"1","S100A4"
3.04154300422168e-177,3.24711917190114,0.691,0.121,9.95740348722092e-173,"1","CEBPD"
1.28762621107538e-171,3.09827584375092,0.714,0.143,4.21543068981858e-167,"1","LGALS3"
4.76678009721278e-171,2.51500320935858,0.877,0.316,1.56054846822552e-166,"1","NPC2"
1.35145558553135e-169,1.47550676812939,0.996,0.893,4.42439529591253e-165,"1","OAZ1"
1.36497246961029e-168,2.94149014361162,0.762,0.195,4.46864687101016e-164,"1","AP1S2"
6.77823784211624e-168,3.92098204578464,0.545,0.058,2.21905950475201e-163,"1","CDA"
3.55707721370793e-167,2.06880127053446,0.95,0.433,1.1645159382237e-162,"1","S100A11"
4.21052572912436e-166,2.15180997355912,0.921,0.418,1.37844191320073e-161,"1","PSAP"
1.59316367872795e-161,2.04105836732194,0.965,0.508,5.21569925141955e-157,"1","SAT1"
1.57386636823083e-159,3.58648146816013,0.587,0.085,5.1525237163141e-155,"1","NCF2"
4.17117446990964e-159,2.54010595308563,0.718,0.142,1.36555909795902e-154,"1","SERPINA1"
3.18289478743333e-158,2.95600321595379,0.643,0.112,1.04201609550992e-153,"1","CFP"
1.01139925003635e-156,1.80312934797579,0.973,0.553,3.31111886476899e-152,"1","COTL1"
3.99455636189122e-155,3.63920719676677,0.551,0.075,1.30773786175595e-150,"1","BLVRB"
1.92412580465776e-153,4.29606807928341,0.459,0.04,6.29920305928856e-149,"1","CSF3R"
3.50440179675784e-149,3.69358841299707,0.514,0.063,1.14727106022258e-144,"1","NUP214"
1.38528185710258e-148,3.83841423601445,0.445,0.038,4.53513574378242e-144,"1","ALDH2"
2.26596295933785e-147,5.61104800309727,0.367,0.016,7.41830953628026e-143,"1","ASGR1"
3.36853998147503e-147,2.87035491923399,0.562,0.078,1.1027926191353e-142,"1","IFI30"
3.06889132297189e-145,3.09610229674765,0.653,0.14,1.00469364131454e-140,"1","FCGRT"
6.17671424105264e-145,2.10958851577855,0.873,0.405,2.02213270823581e-140,"1","GABARAP"
2.50871276031639e-140,1.34692564128435,0.987,0.816,8.2130238347238e-136,"1","CYBA"
2.81253083079853e-140,4.08298531635912,0.428,0.038,9.20766343386821e-136,"1","FPR1"
1.35338364149086e-139,7.28786792998423,0.301,0.004,4.43070736551277e-135,"1","FOLR3"
5.56386507765021e-137,2.09077529513106,0.808,0.275,1.82149814912112e-132,"1","PYCARD"
3.85849346590729e-135,2.29270849422961,0.779,0.257,1.26319359086873e-130,"1","TKT"
1.51487580481735e-132,2.52215615335291,0.628,0.122,4.95940040981103e-128,"1","SPI1"
1.45882902683193e-129,3.43591699607453,0.476,0.062,4.77591446804237e-125,"1","SLC7A7"
5.74312980268977e-128,2.08141730550493,0.848,0.35,1.88018583480458e-123,"1","RAC1"
1.05350408369383e-127,2.14028822709103,0.848,0.396,3.44896166919687e-123,"1","TSPO"
8.19857844096517e-126,2.70907055476459,0.591,0.119,2.68405061000318e-121,"1","BRI3"
1.55274419769717e-125,4.97852006581355,0.313,0.013,5.08337395442098e-121,"1","RBP7"
7.78035084568945e-122,6.74514492454774,0.278,0.006,2.54713125986181e-117,"1","S100A12"
1.68953509158621e-118,2.2213980201811,0.624,0.138,5.53119998283493e-114,"1","IFITM3"
3.56586978519916e-118,3.39791152735334,0.503,0.087,1.1673944502785e-113,"1","TNFSF13B"
1.37541806113522e-114,4.63869524323068,0.319,0.02,4.50284364854449e-110,"1","BST1"
3.4155059437452e-114,2.97823316747229,0.526,0.103,1.1181683358633e-109,"1","RNF130"
8.28919733766245e-114,3.72432805820588,0.397,0.045,2.71371742440393e-109,"1","IGSF6"
1.87342952222135e-113,3.83818973474585,0.372,0.036,6.13323356984825e-109,"1","VCAN"
7.42920750070876e-112,1.89961111129763,0.752,0.286,2.43217395158204e-107,"1","TALDO1"
1.48046254265687e-111,4.45010542539134,0.347,0.031,4.84673827215005e-107,"1","PLBD1"
1.8667913147314e-111,1.32513561975729,0.965,0.826,6.11150140616765e-107,"1","GAPDH"
1.47312644403099e-109,3.30357371134439,0.426,0.06,4.82272135246866e-105,"1","MNDA"
8.67388796711852e-109,3.36362669206028,0.424,0.059,2.83965744267526e-104,"1","APOBEC3A"
2.1100914025352e-101,2.69818665008433,0.503,0.105,6.90801723361974e-97,"1","CTSH"
4.25943773563876e-101,2.79887151291699,0.534,0.126,1.39445472589342e-96,"1","CTSB"
3.99529713232203e-98,1.89817668193697,0.77,0.322,1.30798037517959e-93,"1","IFI6"
6.79751140494932e-98,3.42620924246292,0.386,0.056,2.22536928375231e-93,"1","CPVL"
2.56346278020491e-97,1.47459284944471,0.916,0.579,8.39226444983482e-93,"1","NEAT1"
2.11943827295765e-95,3.31438980940781,0.395,0.061,6.93861701800877e-91,"1","ODF3B"
3.49990014111563e-91,1.96491163519249,0.697,0.277,1.14579730819843e-86,"1","AP2S1"
8.69661237440982e-90,3.41508827744144,0.357,0.05,2.84709695913429e-85,"1","SMCO4"
1.75692929771637e-89,2.82415927377922,0.386,0.061,5.75183513486387e-85,"1","LILRA5"
5.58687665100946e-88,3.29753194502942,0.357,0.052,1.82903167800748e-83,"1","TGFBI"
1.05503816260295e-85,3.76701923625611,0.265,0.021,3.45398393672955e-81,"1","TMEM176B"
4.60042525277902e-85,0.907091402735821,0.973,0.833,1.50608721925479e-80,"1","SH3BGRL3"
1.59232234087076e-83,3.87998285080235,0.28,0.028,5.21294487954271e-79,"1","CD33"
2.79704787032211e-83,0.826405742578805,0.939,0.476,9.15697531786053e-79,"1","HLA-DRA"
5.31416914941772e-83,3.68766406227197,0.307,0.037,1.73975269613637e-78,"1","RAB32"
9.34908421426611e-82,1.22088267617259,0.927,0.708,3.06070319006644e-77,"1","ARPC1B"
8.51561734648703e-79,3.0243997974116,0.367,0.066,2.78784280689292e-74,"1","PLAUR"
1.07156705234799e-78,1.60732779314518,0.76,0.366,3.50809621597684e-74,"1","ANXA2"
2.86886082908501e-78,2.1045742239192,0.543,0.164,9.39207658225851e-74,"1","CAPG"
5.60662896276273e-78,0.576598649839003,1,0.992,1.83549818982926e-73,"1","TMSB10"
7.86497488959221e-78,1.59045639437621,0.733,0.313,2.5748354793547e-73,"1","C1orf162"
2.09980727031982e-76,1.97559492107639,0.599,0.206,6.87434904157303e-72,"1","RGS2"
6.23867518883597e-76,1.60265619116075,0.666,0.248,2.04241748332112e-71,"1","CEBPB"
1.49702933861808e-75,1.17139926024074,0.875,0.538,4.90097464876787e-71,"1","SRGN"
3.78247844815181e-75,4.16014039371892,0.273,0.032,1.23830779435594e-70,"1","IL8"
7.34515255968529e-75,2.84712210780469,0.388,0.077,2.40465604498977e-70,"1","STX11"
1.98503722099546e-74,2.11795805245807,0.486,0.126,6.49861485409495e-70,"1","LY86"
9.82831653146835e-74,1.14254583810858,0.921,0.775,3.21759426607211e-69,"1","VIM"
7.22082864651777e-73,2.09717861901236,0.651,0.268,2.36395488229699e-68,"1","ATP6V0B"
2.96711324405962e-72,2.52438989003338,0.413,0.095,9.71373533840239e-68,"1","AGTRAP"
5.57320296600035e-72,2.87999559029123,0.357,0.068,1.8245551870092e-67,"1","KLF4"
1.15779845010394e-70,0.940999508055715,0.944,0.789,3.79040056595028e-66,"1","ARPC3"
3.52078910402248e-70,3.04230918794168,0.324,0.056,1.15263593687488e-65,"1","C19orf38"
3.74099779927521e-70,2.82884693748388,0.388,0.085,1.22472785952672e-65,"1","CCL3"
9.50071891392675e-69,2.79468125571752,0.33,0.059,3.11034535804134e-64,"1","MSRB1"
3.27607442873673e-68,2.68283495238766,0.457,0.126,1.07252124647983e-63,"1","BLVRA"
3.7517169110008e-68,3.73632664539552,0.271,0.037,1.22823708232344e-63,"1","IL1B"
1.63315075540047e-66,1.79133765530033,0.505,0.152,5.34660894303007e-62,"1","FGR"
3.65869878039807e-66,0.946759475600857,0.931,0.799,1.19778480672672e-61,"1","ATP5G2"
1.35108667587202e-65,2.54685175395712,0.332,0.064,4.42318755946981e-61,"1","CTSZ"
3.35717937441628e-65,1.00766085488145,0.829,0.378,1.0990733835964e-60,"1","HLA-DRB1"
7.78622182766382e-64,1.28254022424028,0.841,0.597,2.54905330194058e-59,"1","S100A10"
3.13233021943557e-62,1.51309205557052,0.747,0.409,1.02546226723882e-57,"1","PRELID1"
7.99935828294875e-62,2.27908280854497,0.564,0.217,2.61882991467176e-57,"1","LINC00936"
1.48421484931885e-61,2.05293322149952,0.395,0.096,4.85902257370006e-57,"1","HCK"
3.47558438905887e-61,1.93288801648622,0.52,0.181,1.13783681729009e-56,"1","CTSD"
1.08401392090884e-60,2.65259524312618,0.332,0.07,3.54884477427135e-56,"1","PGD"
1.49050495263927e-60,2.96737095081224,0.349,0.077,4.87961511395044e-56,"1","FGL2"
6.72901215031411e-60,2.77766219346699,0.315,0.063,2.20294399776983e-55,"1","MPEG1"
2.25860751788094e-59,2.88007678016269,0.28,0.048,7.39422929203861e-55,"1","SLC11A1"
2.6035542508216e-59,2.45253073317764,0.34,0.075,8.52351590633975e-55,"1","EIF4EBP1"
9.70322026997178e-59,0.709815176306503,0.977,0.939,3.17664025198336e-54,"1","MT-ND1"
5.33099652228161e-58,1.30121753112166,0.633,0.262,1.74526164146455e-53,"1","TIMP1"
5.34272201953265e-58,3.29747233956428,0.29,0.056,1.7491003347546e-53,"1","MAFB"
1.13694639119056e-57,0.851670854834655,0.954,0.835,3.72213509547967e-53,"1","SERF2"
1.68724415644227e-57,2.39663204144069,0.355,0.084,5.52369991936069e-53,"1","SCO2"
1.85706297336472e-57,2.14146156127234,0.409,0.113,6.07965276220142e-53,"1","APLP2"
2.25857625401063e-57,2.0966161759412,0.332,0.07,7.39412694038001e-53,"1","PILRA"
3.43040005685477e-57,1.752521088448,0.587,0.248,1.12304437061311e-52,"1","C20orf24"
3.8771483143449e-56,1.52771778441755,0.712,0.4,1.26930081515023e-51,"1","NFKBIA"
9.51291348872684e-56,0.532432745457559,0.998,0.992,3.11433761793939e-51,"1","ACTB"
3.99348732386383e-55,1.88745765443266,0.553,0.218,1.30738788008654e-50,"1","CNPY3"
1.29177002432722e-54,3.35796156807435,0.261,0.046,4.22899670564246e-50,"1","FCGR2A"
3.45298893060615e-54,1.28809959785049,0.727,0.408,1.13043951610184e-49,"1","FKBP1A"
3.91363477282418e-54,1.07392832358461,0.674,0.28,1.28124575192718e-49,"1","HLA-DRB5"
3.43915325709231e-52,0.409994083481911,1,1,1.12590999330688e-47,"1","TMSB4X"
5.83601127314956e-52,2.29613634722772,0.292,0.059,1.9105933706037e-47,"1","RNASE6"
6.63090475813018e-52,0.725149916556159,0.983,0.912,2.17082559971666e-47,"1","PFDN5"
1.10769633436114e-51,2.28806407207199,0.315,0.072,3.62637625943151e-47,"1","TBXAS1"
1.18733563580801e-51,1.0573715993128,0.839,0.651,3.88709940450828e-47,"1","EIF4A1"
1.81869730820324e-50,1.51123617414536,0.564,0.239,5.95405124759576e-46,"1","PGLS"
2.27478047390656e-50,1.30052983955201,0.549,0.203,7.44717631547529e-46,"1","HLA-DMA"
6.38525379452234e-50,1.66832739075721,0.497,0.189,2.09040438725072e-45,"1","STXBP2"
4.98719056530523e-49,2.1620075696957,0.374,0.112,1.63270644726962e-44,"1","C4orf48"
5.00382917149602e-49,1.96715506230183,0.332,0.086,1.63815359416437e-44,"1","GCA"
7.59978577624963e-48,2.24730567582406,0.374,0.109,2.4880178674286e-43,"1","IFNGR2"
1.73910165291418e-47,1.63604188691053,0.62,0.309,5.69347099131045e-43,"1","SERPINB1"
1.9969884068113e-47,2.84819942761023,0.273,0.06,6.53774064621885e-43,"1","C5AR1"
4.96879849579326e-47,0.96055548571114,0.848,0.676,1.6266852515528e-42,"1","ALDOA"
7.6303559909968e-47,1.60777548994515,0.497,0.191,2.49802594433253e-42,"1","ASAH1"
7.80958305410172e-47,1.55532240752823,0.516,0.208,2.55670130025182e-42,"1","AMICA1"
1.35887385297993e-46,2.31546165091012,0.282,0.064,4.44868121988571e-42,"1","CPPED1"
5.10697303033455e-46,1.12901519822572,0.764,0.466,1.67192083067092e-41,"1","LAMTOR4"
2.33634885906948e-45,1.36298118497792,0.689,0.395,7.64873889482168e-41,"1","ISG15"
2.20363341526163e-44,2.39273392774695,0.284,0.069,7.21425507488353e-40,"1","CYBB"
1.42458932000331e-43,1.93005434090972,0.537,0.245,4.66382051582683e-39,"1","H2AFY"
2.61528500678511e-43,1.23598265897242,0.712,0.438,8.56192005521309e-39,"1","FOSB"
3.79188761524727e-43,0.470720621507769,0.994,0.995,1.24138816747965e-38,"1","MT-CO1"
8.98638933121074e-43,1.47682460026846,0.626,0.321,2.94196413925177e-38,"1","GLRX"
1.59908102423561e-41,1.56854474221304,0.614,0.32,5.23507145714254e-37,"1","ATP6V1F"
3.44640348528797e-41,1.73541279420376,0.384,0.129,1.12828357301358e-36,"1","LGALS9"
3.59153690065705e-41,2.06514043836448,0.271,0.066,1.17579735053711e-36,"1","LRRC25"
1.45023651911865e-40,1.87191909763015,0.37,0.12,4.74778431629064e-36,"1","NCF1"
3.67925146186959e-40,0.889258431020835,0.714,0.463,1.20451334358687e-35,"1","VAMP8"
4.05346894127062e-40,0.822840947713269,0.764,0.434,1.32702466199317e-35,"1","HLA-DPA1"
6.28260318476e-40,2.37621339718644,0.344,0.112,2.05679863062673e-35,"1","JUND"
8.93942493415704e-40,1.2021524610614,0.718,0.437,2.92658893494433e-35,"1","TCEB2"
7.91784250814515e-39,1.19882345807207,0.601,0.322,2.59214328031656e-34,"1","C10orf54"
1.45974296677134e-38,1.64981584743079,0.29,0.077,4.77890652461602e-34,"1","RP11-290F20.3"
4.06752128434823e-38,1.56558790004729,0.445,0.176,1.33162511806992e-33,"1","GLIPR2"
6.21272420788465e-38,1.32927138946241,0.459,0.178,2.03392165117728e-33,"1","FAM26F"
6.38160687980564e-38,2.12670239604075,0.367,0.128,2.08921046031077e-33,"1","SAT2"
1.77083032330602e-37,1.56748387569417,0.424,0.158,5.79734431243925e-33,"1","BID"
2.07914134010363e-37,0.686641708653946,0.942,0.833,6.80669291923125e-33,"1","MYL6"
9.50589345421119e-37,2.19982233131195,0.301,0.092,3.11203939903966e-32,"1","RHOB"
1.18699399899703e-36,2.26485495695124,0.271,0.075,3.88598095391648e-32,"1","MIR24-2"
4.8086036263949e-36,1.29735544896094,0.509,0.244,1.57424065520916e-31,"1","GSTO1"
3.12465849770081e-35,0.837350113251218,0.827,0.633,1.02295069897729e-30,"1","LY6E"
3.43515333322497e-35,1.00744273332946,0.574,0.293,1.12460049823119e-30,"1","LAMTOR1"
2.73962363915724e-34,1.33568774294009,0.511,0.244,8.96897986987296e-30,"1","CLTA"
5.76181216296839e-34,2.034162958428,0.271,0.078,1.88630206591259e-29,"1","TMEM205"
9.5423867271267e-34,2.01738191214382,0.309,0.099,3.12398656672674e-29,"1","SCPEP1"
1.38096635671324e-33,0.608048335447577,0.758,0.465,4.52100765860781e-29,"1","HLA-DPB1"
2.14637723361813e-33,1.27048537004936,0.62,0.34,7.02680978741904e-29,"1","RHOG"
2.96859303334777e-33,1.29549369846364,0.526,0.259,9.71857987257393e-29,"1","ANXA5"
7.33128563676489e-33,1.91891696991108,0.261,0.074,2.40011629176409e-28,"1","CECR1"
7.66140332889181e-33,1.27551105131865,0.503,0.239,2.5081902218126e-28,"1","CARD16"
8.82886925149604e-33,1.50899507413139,0.426,0.187,2.89039521555477e-28,"1","GNAI2"
8.89045604895194e-33,1.73940081460614,0.349,0.127,2.91055750130589e-28,"1","BNIP3L"
1.72111493407163e-32,1.4493155139516,0.384,0.15,5.63458607116369e-28,"1","DYNLT1"
2.07483098980708e-32,2.25942797568979,0.29,0.093,6.79258169443041e-28,"1","C20orf27"
3.37300038473486e-32,1.48087924761976,0.386,0.151,1.1042528659545e-27,"1","EFHD2"
5.65456825508849e-32,0.795502288530998,0.848,0.674,1.85119255535087e-27,"1","ZFP36"
6.74716306814418e-32,0.949433209536537,0.712,0.463,2.20888624524904e-27,"1","TPI1"
3.07067909428912e-31,1.04632675885068,0.562,0.297,1.00527892188837e-26,"1","CD63"
5.05360003749287e-31,0.99667005734207,0.731,0.503,1.65444758027441e-26,"1","GPX4"
5.61301858946282e-29,1.550857123071,0.344,0.135,1.83759002581834e-24,"1","ATP6V0D1"
8.87544526736263e-29,1.58426416038551,0.382,0.163,2.90564327162918e-24,"1","SOD2"
1.48724274961255e-27,1.73367269552043,0.261,0.086,4.86893531368156e-23,"1","ATOX1"
2.25770290854212e-27,1.88557022984976,0.259,0.085,7.39126778198521e-23,"1","THEMIS2"
5.27050766054228e-27,1.31835772952989,0.386,0.17,1.72545879790833e-22,"1","TIMM13"
6.00243920303805e-27,1.66583968789792,0.447,0.216,1.9650785462906e-22,"1","ARRB2"
7.39327041078836e-27,1.8341597857028,0.263,0.091,2.42040886708389e-22,"1","GLUL"
9.64365920577893e-27,1.27976864754412,0.489,0.253,3.15714115078791e-22,"1","NOP10"
1.00395555428025e-26,0.721041912405089,0.743,0.511,3.28674969360268e-22,"1","SERP1"
3.28989518552954e-26,1.22859071950338,0.474,0.248,1.07704588583866e-21,"1","SUPT4H1"
1.29381843463971e-25,0.984287698444075,0.582,0.342,4.23570279132349e-21,"1","H3F3A"
1.37676742269751e-25,1.30538361170577,0.482,0.251,4.5072611884271e-21,"1","NDUFS7"
1.49993486251683e-25,1.59401224821102,0.311,0.122,4.9104867529076e-21,"1","COMT"
1.62125126559187e-25,0.551490777235828,0.894,0.782,5.30765239329465e-21,"1","ARPC2"
1.90139517532306e-25,1.0256285378182,0.689,0.47,6.22478752497264e-21,"1","SLC25A5"
3.32779595403822e-25,0.578466517043549,0.808,0.609,1.08945383943303e-20,"1","CLIC1"
4.02346015734111e-25,1.59085689106546,0.324,0.127,1.31720038631033e-20,"1","OAZ2"
6.237924205411e-25,1.24920893137977,0.395,0.186,2.04217162636745e-20,"1","LAMTOR2"
1.26052998461546e-24,0.972357854359799,0.641,0.407,4.1267230636341e-20,"1","BST2"
1.3328152991166e-24,0.853995068316449,0.741,0.539,4.36337072624792e-20,"1","COX6B1"
1.82701364783958e-24,1.01348431835895,0.559,0.329,5.98127728029721e-20,"1","CSTB"
1.92203066585133e-24,0.994882284676375,0.259,0.087,6.29234399386409e-20,"1","MS4A7"
2.47857766870102e-24,1.83656424013472,0.259,0.094,8.1143675717934e-20,"1","NAGK"
6.45811926443126e-24,0.966438319007511,0.53,0.306,2.11425908478951e-19,"1","WDR83OS"
8.67430177635403e-24,1.29103962851536,0.299,0.118,2.83979291554278e-19,"1","ZYX"
1.1012812402639e-23,0.684146105306739,0.727,0.515,3.60537452437596e-19,"1","BRK1"
1.27465132792002e-23,1.04372816644368,0.595,0.373,4.17295351734457e-19,"1","NDUFA11"
4.50017090095429e-23,1.44196903767676,0.305,0.122,1.47326594955441e-18,"1","NINJ1"
5.38540175952915e-23,1.32605493389947,0.313,0.129,1.76307282803465e-18,"1","HSBP1"
2.12146683845054e-22,1.30670784738177,0.38,0.18,6.94525813571936e-18,"1","TNFSF10"
2.39302038182533e-22,0.987295198815903,0.495,0.278,7.83427012601977e-18,"1","MT2A"
4.96187026765788e-22,1.45635548166795,0.403,0.208,1.62441708822584e-17,"1","SAMHD1"
7.62446836628962e-22,1.31334111353917,0.342,0.157,2.4960984537559e-17,"1","POLE4"
1.51516482256231e-21,1.98373810467638,0.253,0.097,4.96034659610447e-17,"1","NAPRT1"
2.16322911345125e-21,1.5303221407229,0.269,0.107,7.08197947161671e-17,"1","WARS"
1.21845654677955e-20,0.680964601243895,0.695,0.511,3.98898304284688e-16,"1","ATP5D"
1.51854422390553e-20,0.684415613550527,0.706,0.537,4.97141008022193e-16,"1","RHOA"
3.19558822572627e-20,0.655757171942706,0.649,0.432,1.04617167333827e-15,"1","ITGB2"
8.08940337952271e-20,0.79095523049873,0.599,0.387,2.64830887838814e-15,"1","PKM"
1.37338903452128e-19,1.07446781518901,0.436,0.235,4.49620102121578e-15,"1","CASP1"
1.39898654098246e-19,0.904650374629817,0.553,0.35,4.58000213786838e-15,"1","COX8A"
2.46556306262977e-19,0.331211736937974,0.962,0.942,8.07176035443732e-15,"1","PFN1"
2.67480401707483e-19,1.53056784602112,0.332,0.16,8.75677339109957e-15,"1","RILPL2"
6.38136966343148e-19,1.43239380206203,0.251,0.103,2.0891328004142e-14,"1","CAPNS1"
6.8062078250625e-19,0.773002534248578,0.33,0.148,2.22821631776896e-14,"1","HLA-DMB"
8.28568059410589e-19,1.12238130030663,0.355,0.175,2.71256611289839e-14,"1","GLIPR1"
1.29702467729029e-18,0.941096050079563,0.47,0.272,4.24619938851296e-14,"1","RNH1"
1.47180082461123e-18,0.811635351975474,0.647,0.461,4.81838153961225e-14,"1","HIGD2A"
2.76521015806192e-18,0.91876370690069,0.522,0.322,9.0527450154631e-14,"1","POLR2L"
7.51502219741882e-18,0.489757281898664,0.881,0.822,2.46026796699097e-13,"1","SLC25A6"
7.65010512931246e-18,0.649837746951764,0.829,0.713,2.50449141723431e-13,"1","EMP3"
9.24224830291233e-18,1.06895612126166,0.397,0.21,3.02572724940744e-13,"1","SDCBP"
1.21601628972652e-17,1.35169571067928,0.286,0.132,3.98099412930668e-13,"1","POU2F2"
2.10763015577495e-17,1.16533794902693,0.33,0.164,6.89995960397603e-13,"1","SERPINB6"
4.07843815706303e-17,1.00796439419214,0.374,0.199,1.3351990838593e-12,"1","NDUFS6"
4.63237106705307e-17,1.1345957984101,0.424,0.243,1.51654563993183e-12,"1","TMEM219"
1.44414796913043e-16,1.03900756713682,0.484,0.296,4.72785162133921e-12,"1","SEC11A"
1.83685871105684e-16,0.474078011509036,0.99,0.956,6.01350804825789e-12,"1","H3F3B"
1.92290293807943e-16,1.78062174625633,0.259,0.117,6.29519963868444e-12,"1","TNFRSF1B"
2.65500798007065e-16,1.26680029970708,0.305,0.148,8.69196512515529e-12,"1","SPG21"
2.75648923956132e-16,1.19519768639432,0.307,0.151,9.02419447247585e-12,"1","NDUFB1"
5.1229618585604e-16,0.910849079796017,0.438,0.255,1.67715525325551e-11,"1","UQCRFS1"
6.39824125098184e-16,1.42919727731946,0.257,0.115,2.09465622074643e-11,"1","PLSCR1"
1.02493818368936e-15,1.41829113997502,0.263,0.121,3.35544262576222e-11,"1","STX10"
1.07300209871429e-15,0.94952619753651,0.311,0.157,3.51279427077085e-11,"1","GRB2"
1.18486257363705e-15,0.970110881594471,0.344,0.183,3.87900309357299e-11,"1","ATG3"
2.042465649427e-15,0.427059163972279,0.937,0.897,6.68662404309412e-11,"1","COX4I1"
2.92794570284639e-15,0.738695201911775,0.697,0.54,9.58550864197853e-11,"1","UQCR11.1"
3.16114843703604e-15,0.79955750187779,0.526,0.351,1.03489677531686e-10,"1","PSMB3"
3.44525831461465e-15,1.26701365240808,0.269,0.13,1.12790866703854e-10,"1","LAP3"
8.18691510065378e-15,1.33594618085705,0.307,0.157,2.68023226565203e-10,"1","UQCRC1"
9.57021159324005e-15,0.525498418641233,0.864,0.807,3.13309587139493e-10,"1","YBX1"
2.346396063424e-14,1.14614571295708,0.282,0.138,7.68163143243749e-10,"1","IFI27L2"
2.78144226230464e-14,0.87374169198856,0.489,0.314,9.10588567833292e-10,"1","UBE2L6"
3.05641739197164e-14,0.793940951025241,0.403,0.232,1.00060992578368e-09,"1","REEP5"
4.50677770762551e-14,0.266627913436471,0.99,0.973,1.47542888592244e-09,"1","UBA52"
6.17525530271443e-14,1.07131199093027,0.299,0.157,2.02165508100265e-09,"1","EPSTI1"
6.74324243752351e-14,0.443349215727095,0.85,0.731,2.20760270919645e-09,"1","ATP5E"
8.59045404723271e-14,0.744411731730128,0.461,0.293,2.81234284598304e-09,"1","HMGB2"
9.44396556840717e-14,1.20262231659411,0.263,0.132,3.09176544778514e-09,"1","EIF4E2"
1.11522717376633e-13,0.796933398296506,0.399,0.238,3.65103072147621e-09,"1","GNB2"
1.12983958336346e-13,1.10099789756629,0.453,0.287,3.6988688280153e-09,"1","CASP4"
1.14873858751842e-13,0.80995128860944,0.628,0.476,3.7607403878178e-09,"1","COX5B"
1.20303434649355e-13,1.14047922028791,0.347,0.198,3.93849384355058e-09,"1","VAMP5"
1.35598789153743e-13,1.12957704374654,0.263,0.128,4.43923315931525e-09,"1","PARVG"
1.71044300171231e-13,0.976225280868114,0.294,0.151,5.59964829900576e-09,"1","CHMP4B"
2.06305420469548e-13,0.967367739360449,0.405,0.246,6.75402685533207e-09,"1","ZNHIT1"
2.21837732935743e-13,0.799903946079283,0.384,0.222,7.26252370085034e-09,"1","RNF7"
3.09050052007819e-13,0.732530453181476,0.582,0.416,1.0117680602632e-08,"1","C11orf31"
3.32935753299119e-13,0.776246284376339,0.491,0.324,1.08996506915066e-08,"1","PRDX5"
4.1271938720598e-13,0.57396241359728,0.455,0.281,1.35116072983494e-08,"1","BLOC1S1"
6.48558344111741e-13,1.13319382993374,0.294,0.157,2.12325030695302e-08,"1","IFI35"
8.74013832832786e-13,1.39688715024328,0.301,0.166,2.86134648592798e-08,"1","MYADM"
8.92503957050914e-13,0.255465299078418,0.992,0.982,2.92187945459328e-08,"1","EIF1"
8.99251226443664e-13,1.01458310837462,0.395,0.241,2.94396866513127e-08,"1","HSD17B11"
9.39885959872028e-13,0.723478417131741,0.593,0.432,3.07699865542905e-08,"1","NDUFA13"
1.33765231293558e-12,0.905599784508648,0.347,0.199,4.37920614208849e-08,"1","CD97"
1.54619466162395e-12,0.951511309952411,0.418,0.262,5.06193208322448e-08,"1","MRPL23"
2.03684546218083e-12,0.784371041042109,0.43,0.269,6.66822467408759e-08,"1","ARF5"
2.74554558643488e-12,1.11018866028656,0.286,0.152,8.9883671408705e-08,"1","LSMD1"
2.89526570162524e-12,1.3019961573216,0.309,0.167,9.4785208539807e-08,"1","PPT1"
3.32174965763015e-12,0.798470793679174,0.532,0.382,1.08747440291496e-07,"1","MCL1"
4.41170288177485e-12,0.823801701470298,0.361,0.215,1.44430328943545e-07,"1","DOK2"
4.61063750254625e-12,0.829159065516491,0.42,0.264,1.50943050558359e-07,"1","PPP4C"
7.32147680289906e-12,0.655511966936417,0.411,0.245,2.3969050757331e-07,"1","VASP"
9.15049970252712e-12,0.441615183778378,0.944,0.88,2.99569059261333e-07,"1","DUSP1"
1.03124098692042e-11,0.705090547213482,0.428,0.271,3.37607674298007e-07,"1","GNAS"
1.28389616574632e-11,1.13492471466627,0.286,0.157,4.20321926742029e-07,"1","NAAA"
1.43517651855119e-11,0.423312151501153,0.81,0.727,4.69848088643288e-07,"1","EIF3K"
3.9420888308292e-11,0.818402006878087,0.328,0.194,1.29056104143686e-06,"1","RNF181"
5.44855625328946e-11,1.17149954020961,0.296,0.168,1.7837483462019e-06,"1","SNF8"
5.62115537601932e-11,0.345240202973705,0.785,0.681,1.84025384700121e-06,"1","GMFG"
6.72826012258015e-11,0.599962372321135,0.668,0.54,2.20269779893029e-06,"1","PSMA7"
7.3302081549937e-11,0.899419576469813,0.263,0.142,2.39976354578184e-06,"1","PHPT1"
7.43670464099466e-11,0.851611508343998,0.407,0.268,2.43462836536883e-06,"1","GNG5"
1.19242281750153e-10,1.1392194392421,0.305,0.177,3.9037538199365e-06,"1","TGFB1"
1.28969210187776e-10,0.434954967148371,0.587,0.44,4.22219400312742e-06,"1","SNX3"
2.51795089085707e-10,0.980308866048124,0.265,0.147,8.24326762648788e-06,"1","C14orf2"
2.70199049186535e-10,0.658878758336505,0.303,0.171,8.84577647226879e-06,"1","OAS1"
3.3574814607916e-10,0.834126211903074,0.313,0.182,1.09917228063396e-05,"1","MT-ND3"
3.39926816770699e-10,0.45478511080857,0.514,0.359,1.11285241274391e-05,"1","ID2"
5.79903465473757e-10,0.89490744267808,0.294,0.169,1.89848796526799e-05,"1","CLTB"
9.89844965195895e-10,0.588932574894179,0.526,0.381,3.24055444705832e-05,"1","NDUFB11"
1.98348198645349e-09,1.11071334411823,0.265,0.152,6.49352332725145e-05,"1","FIBP"
2.15633023133943e-09,0.845884218048319,0.259,0.143,7.05939391135904e-05,"1","CAST"
3.34440643056795e-09,0.71997992541021,0.296,0.171,0.000109489177723933,"1","CYC1"
4.0173468120213e-09,0.85871381853436,0.286,0.172,0.000131519899931953,"1","COX17"
4.70789321388093e-09,0.469992485678009,0.453,0.315,0.000154127008036034,"1","DYNLL1"
4.98861076940851e-09,0.754332090381472,0.363,0.239,0.000163317139368896,"1","CHMP1B"
5.50906496333169e-09,0.910405374486329,0.386,0.268,0.000180355768769553,"1","ATP5I"
5.55570162122879e-09,0.90973364103719,0.499,0.37,0.000181882559675788,"1","SF3B5"
5.65654001583187e-09,0.761589045878693,0.259,0.148,0.000185183807038304,"1","SMS"
7.2500034053963e-09,0.664139577291085,0.557,0.411,0.000237350611485864,"1","COPE"
1.02776906125327e-08,0.412567498046502,0.762,0.625,0.000336471035273094,"1","KLF6"
1.19014716171211e-08,0.699367376126991,0.313,0.19,0.000389630377801312,"1","FLNA"
1.23792776309245e-08,0.729710254130594,0.351,0.224,0.000405272791081207,"1","ANAPC11"
1.30734323447487e-08,0.946963981596698,0.251,0.145,0.000427998028102384,"1","LTA4H"
1.99889863458293e-08,0.542632400792297,0.557,0.421,0.000654399434989758,"1","UBL5"
2.49651837221637e-08,0.760675784027019,0.322,0.205,0.000817310184696194,"1","MRPL54"
3.21569535671841e-08,1.38223913733182,0.309,0.196,0.00105275434588247,"1","SDHB"
3.21953683512071e-08,0.812877420927499,0.344,0.232,0.00105401196908182,"1","METTL9"
3.55740335939881e-08,0.683047158327672,0.376,0.252,0.00116462271179998,"1","AHNAK"
3.90226301325451e-08,0.695520785483786,0.432,0.31,0.00127752286527926,"1","NDUFB10"
3.92802264060685e-08,0.827449369563932,0.265,0.158,0.00128595605208187,"1","BAG1"
4.06432252436453e-08,0.91610354214186,0.271,0.161,0.00133057790802646,"1","SSR3"
4.41394694144217e-08,0.85173336126027,0.251,0.147,0.00144503794968934,"1","SHKBP1"
4.49961067355751e-08,0.468324681650286,0.374,0.247,0.00147308254230926,"1","RGS19"
5.0907057284789e-08,0.744890651573445,0.466,0.331,0.00166659524138942,"1","COX5A"
5.7136692688805e-08,0.669278065470197,0.299,0.183,0.0018705410452461,"1","OXA1L"
6.3180135069407e-08,1.16307078195704,0.288,0.18,0.00206839126190225,"1","IDH3G"
7.91549147866806e-08,0.634825602915022,0.336,0.215,0.00259137360028635,"1","MYO1F"
1.43166281064792e-07,0.818004222397277,0.259,0.157,0.00468697770949916,"1","ZFAND5"
1.7137397650421e-07,0.626162192064645,0.449,0.337,0.00561044124279481,"1","LRRFIP1"
2.3364978047321e-07,0.659490108031919,0.447,0.327,0.00764922651313195,"1","UQCR10"
2.37112439651493e-07,0.510895706208606,0.342,0.223,0.00776258704931058,"1","HN1"
2.3968555782283e-07,0.41243617001786,0.541,0.421,0.00784682579200381,"1","SH3BGRL"
3.89449901342526e-07,0.617261104151407,0.28,0.177,0.0127498108701516,"1","WASF2"
5.15617370032157e-07,0.438187258974213,0.347,0.238,0.0168802814601127,"1","NDUFA2"
5.57711450826544e-07,0.351527850629527,0.438,0.321,0.0182583574771594,"1","CSNK2B"
6.83478285953297e-07,0.598695590875783,0.422,0.303,0.0223757121255391,"1","ATP5J2"
6.91894657296667e-07,0.403255234449571,0.601,0.479,0.0226512472905783,"1","ARL6IP4"
9.36495659106022e-07,0.42165736593866,0.294,0.188,0.0306589948878129,"1","SQSTM1"
9.79111542498796e-07,0.573792198717205,0.38,0.266,0.0320541536783256,"1","NDUFB7"
1.13712309908012e-06,0.6603712478981,0.374,0.262,0.0372271360176848,"1","ATP5EP2"
2.19315636105933e-06,0.836408144699717,0.278,0.178,0.0717995529483604,"1","ENY2"
2.46734954814004e-06,0.466480628643131,0.426,0.311,0.0807760895070085,"1","FIS1"
5.19034930150485e-06,0.676566521825277,0.292,0.199,0.169921655432666,"1","CKLF"
5.7174715963751e-06,0.466684444776274,0.374,0.267,0.187178585122128,"1","PRDX6"
6.24096480040179e-06,0.589817348347864,0.286,0.192,0.204316705635554,"1","HADHA"
1.4910211452234e-05,0.38683262221686,0.395,0.287,0.488130502523237,"1","BAX"
1.50772264282326e-05,0.692917050914214,0.309,0.221,0.493598238807477,"1","PGAM1"
1.61288971812918e-05,0.484491915094019,0.332,0.237,0.52802783592113,"1","MRPL20"
1.71710600331986e-05,0.599698326593793,0.303,0.211,0.562146163366856,"1","C1orf43"
1.74920416549088e-05,0.697999644097628,0.39,0.289,0.572654459698403,"1","SRSF9"
1.9420895748257e-05,0.50639936522376,0.58,0.484,0.635801285006438,"1","NEDD8"
2.80547274320734e-05,0.407829850468249,0.322,0.225,0.918455666671219,"1","RTN4"
4.06184963000953e-05,0.444495349210043,0.61,0.541,1,"1","PSME2"
4.28305088284877e-05,0.448101952356679,0.568,0.472,1,"1","PARK7"
4.33577129761214e-05,0.256688209323304,0.699,0.605,1,"1","C19orf43"
4.48524417738546e-05,0.498977111973378,0.311,0.224,1,"1","ATF4"
5.16988257536972e-05,0.559145702136688,0.28,0.196,1,"1","XAF1"
5.77640093667994e-05,0.335436279169003,0.495,0.398,1,"1","C19orf53"
5.80547495495253e-05,0.474886375086352,0.543,0.441,1,"1","PCBP1"
6.20476993752809e-05,0.371725635778053,0.603,0.527,1,"1","CALM2"
6.78746742194426e-05,0.519004774372108,0.428,0.342,1,"1","ATP5H"
7.22492574515232e-05,0.471149684410274,0.372,0.276,1,"1","UQCRQ"
9.41556616015318e-05,0.521742025400649,0.501,0.411,1,"1","JTB"
0.000102832935316807,0.563052846667756,0.372,0.275,1,"1","RBX1"
0.000154247060914435,0.626833347834807,0.39,0.299,1,"1","PSMB7"
0.000220051016714806,0.453695111417957,0.319,0.24,1,"1","POLR2J"
0.00022099043624336,0.509465246077252,0.33,0.25,1,"1","CHMP2A"
0.000234283448021266,0.805957925752112,0.303,0.222,1,"1","ALKBH7"
0.000238315343897757,0.364614462627757,0.493,0.419,1,"1","ATP5G3"
0.000256797611069064,0.488920340402827,0.299,0.217,1,"1","NDUFA3"
0.000269577042873801,0.43054011746363,0.292,0.211,1,"1","EIF6"
0.000292886191537388,0.627672825478141,0.37,0.286,1,"1","SCAND1"
0.000315806198474727,0.332517083971199,0.382,0.295,1,"1","OSTF1"
0.000330504224888306,0.488776071143941,0.355,0.27,1,"1","MSN"
0.000512545554871868,0.439504728329144,0.38,0.298,1,"1","ZNF706"
0.000517354046330666,0.362922500885003,0.647,0.565,1,"1","APRT"
0.000673777762913329,0.25419065757115,0.324,0.24,1,"1","ERGIC3"
0.000803755521398323,0.398789415804474,0.251,0.181,1,"1","TMEM147"
0.000846917797307305,0.471554895442089,0.624,0.561,1,"1","SSR4"
0.000996086152841787,0.355318330201044,0.528,0.433,1,"1","TRAPPC1"
0.0010134487658816,0.333792133622963,0.347,0.268,1,"1","RAB5C"
0.00126432924236116,0.457121610987675,0.299,0.226,1,"1","NDUFS8"
0.00131458689252213,0.271786815138189,0.747,0.689,1,"1","ATP5L"
0.00132802133025559,0.365018562582173,0.273,0.205,1,"1","PSMB2"
0.00138753988498727,0.36225617476438,0.253,0.185,1,"1","YWHAH"
0.00181273042389822,0.401380455155632,0.255,0.187,1,"1","COX14"
0.00182391736250633,0.51877676150731,0.344,0.276,1,"1","AURKAIP1"
0.00230708594562504,0.285373180069444,0.547,0.466,1,"1","GUK1"
0.00286750706985785,0.351138511668757,0.468,0.393,1,"1","ATP5B"
0.0037228069416728,0.384915428585478,0.288,0.226,1,"1","P4HB"
0.00378466493123419,0.271617652976564,0.355,0.282,1,"1","POLR1D"
0.00383859859895052,0.416255717732773,0.315,0.244,1,"1","BUD31"
0.0043103784293746,0.260522826027289,0.802,0.73,1,"1","MT-ATP6"
0.00451288056225709,0.727459768727998,0.336,0.267,1,"1","LAMTOR5"
0.00498572563472225,0.465083212238825,0.422,0.359,1,"1","CRIP1"
0.00628492920066136,0.37146562075212,0.261,0.199,1,"1","CAPZA2"
0.00678933940465365,0.250613009397243,0.403,0.337,1,"1","POLD4"
0.00730425061658652,0.251357684963827,0.39,0.333,1,"1","PLP2"
0.00735916702397846,0.414402216521055,0.273,0.21,1,"1","WAS"
0.00857064250885413,0.283935718704248,0.687,0.634,1,"1","EDF1"
0.00920553727560628,0.422145737112622,0.251,0.196,1,"1","CD55"
0.00927429171038178,0.296900938325788,0.388,0.323,1,"1","SSU72"
5.35550724560087e-84,1.24277903859801,0.945,0.47,1.75328596206481e-79,"2","IL32"
2.00142335759208e-82,1.30400513406512,0.982,0.646,6.55225978808494e-78,"2","LTB"
2.94500991163408e-68,1.00048562901794,0.965,0.615,9.64137344870764e-64,"2","LDHB"
3.97444878818889e-65,1.43566311546914,0.752,0.33,1.30115504427728e-60,"2","IL7R"
1.06140943658279e-64,1.03391640096227,0.914,0.438,3.47484221348475e-60,"2","CD3D"
1.27585578919302e-55,1.62380329560676,0.651,0.249,4.17689668266011e-51,"2","CD2"
9.60983264596677e-55,1.04942798166075,0.84,0.412,3.1460670116366e-50,"2","CD3E"
1.45385817854507e-53,2.06477712727662,0.415,0.115,4.75964090492083e-49,"2","AQP3"
3.58619932229001e-44,1.55747726088379,0.409,0.124,1.1740499341313e-39,"2","TRAT1"
2.90092734782147e-43,2.10096998429538,0.288,0.066,9.49705595129793e-39,"2","CD40LG"
4.23790858816367e-42,0.422759828713264,0.998,0.984,1.38740651359302e-37,"2","TPT1"
5.40803964792286e-35,1.40014079156087,0.433,0.163,1.77048401993699e-30,"2","SPOCK2"
2.53416543541685e-34,0.69605016457436,0.791,0.488,8.29635080246768e-30,"2","GIMAP7"
9.17790571137849e-34,1.53702814863236,0.316,0.096,3.00466277179109e-29,"2","TTC39C"
2.45175105351726e-33,0.265943050043116,1,1,8.02654259900481e-29,"2","B2M"
1.65928095187282e-32,0.348575181307413,1,0.992,5.43215398024123e-28,"2","RPS12"
7.4259020422704e-32,0.393070591408397,1,0.977,2.43109181059848e-27,"2","RPS25"
1.13189090645506e-30,0.498623506877107,0.978,0.852,3.70558444955257e-26,"2","MYL12A"
1.71865190448497e-30,0.978877236864135,0.534,0.24,5.6265226049029e-26,"2","PRDX2"
1.82800407827127e-30,0.649569983243647,0.91,0.708,5.98451975144449e-26,"2","JUN"
2.44896265956036e-30,0.578267956799326,0.98,0.891,8.01741395486869e-26,"2","JUNB"
3.69272626906615e-30,1.44556996869966,0.365,0.139,1.20892472596688e-25,"2","TRADD"
2.4517014301804e-29,0.631272335995789,0.93,0.698,8.02638014212459e-25,"2","TMEM66"
4.04241905035771e-29,0.861044961311869,0.745,0.441,1.32340714870611e-24,"2","AES"
4.15522521261267e-29,0.419314371220826,0.998,0.951,1.36033763010514e-24,"2","RPSA"
2.41530739635458e-28,0.315393730731005,1,0.995,7.90723335418561e-24,"2","RPS3"
2.07080798260603e-27,0.452501389481958,0.989,0.943,6.77941117345561e-23,"2","RPLP0"
2.09530423917178e-27,1.04871096995204,0.444,0.197,6.85960701820058e-23,"2","CD27"
7.44658370982616e-27,0.977010671793291,0.429,0.175,2.43786257492289e-22,"2","CD3G"
1.53244545523777e-26,0.700095122301207,0.802,0.55,5.01691993135742e-22,"2","ANXA1"
2.94096467009971e-26,0.733862159763568,0.67,0.379,9.62813013697241e-22,"2","NOSIP"
3.09019318781866e-26,0.850895012844508,0.607,0.31,1.01166744582807e-21,"2","LCK"
3.29067862147275e-26,0.422580041471694,0.987,0.914,1.07730236709775e-21,"2","RPS29"
6.52314063120214e-26,1.40717570260095,0.29,0.101,2.13554577984296e-21,"2","MAL"
6.62814828122202e-26,0.370615087212929,0.998,0.951,2.16992318430646e-21,"2","RPL36"
7.92534134111887e-26,0.688847215213194,0.758,0.486,2.5945982482555e-21,"2","EVL"
1.85191513608766e-25,1.0655054215829,0.549,0.3,6.06279977252376e-21,"2","PLP2"
2.52749379423086e-25,0.570980540012834,0.837,0.601,8.27450918355298e-21,"2","HINT1"
2.98436175158029e-25,1.1521220505534,0.279,0.095,9.77020350232355e-21,"2","ITM2A"
4.86147216414273e-25,0.457036500281417,0.952,0.77,1.59154875709705e-20,"2","VIM"
1.32521767535606e-24,0.326340793954077,0.998,0.969,4.33849762558067e-20,"2","RPS10"
1.85199188357095e-24,0.919723256115131,0.479,0.235,6.06305102843458e-20,"2","ARHGAP15"
7.87392563268719e-24,0.305374153452635,1,0.99,2.57776577362913e-19,"2","EEF1A1"
1.4752912046533e-23,0.301991750025967,0.998,0.985,4.82980834579398e-19,"2","RPL14"
3.43370322123847e-23,0.26615961894027,0.998,0.997,1.12412576056905e-18,"2","RPS18"
1.39978961725995e-22,0.324882642522546,1,0.982,4.58263124898564e-18,"2","RPL30"
2.16926601376131e-22,1.04741206461603,0.451,0.215,7.10174307585177e-18,"2","TNFAIP8"
2.52675195366562e-22,1.45263782476638,0.297,0.111,8.27208054591052e-18,"2","OPTN"
4.67223532628478e-22,1.01178255158744,0.338,0.138,1.52959640111911e-17,"2","FLT3LG"
5.4132130140086e-22,0.279418666825916,1,0.989,1.77217767652614e-17,"2","RPL27A"
8.44500279168967e-22,0.327628157023621,0.998,0.969,2.76472501394337e-17,"2","RPS27A"
1.08975924587945e-21,1.01735944968111,0.402,0.182,3.56765381916013e-17,"2","LAT"
1.43125788817289e-21,0.282345269949166,0.998,0.959,4.6856520743004e-17,"2","HLA-A"
1.46023868414046e-21,0.296683895223872,0.998,0.984,4.78052940413902e-17,"2","RPS15A"
1.69324203849023e-21,0.29488686710322,1,0.992,5.54333578560933e-17,"2","RPS27"
2.50473244309815e-21,0.296021287357926,1,0.989,8.19999307221471e-17,"2","RPL23A"
2.68528847844459e-21,0.924349336262415,0.477,0.246,8.79109742073191e-17,"2","GIMAP5"
2.88157263189545e-21,1.65497383570237,0.312,0.136,9.43369248229932e-17,"2","CORO1B"
3.91677778779928e-21,0.605532905270449,0.899,0.702,1.28227471216973e-16,"2","FXYD5"
8.74145670530755e-21,0.711462747976043,0.745,0.513,2.86177809618358e-16,"2","GSTK1"
9.9909274297688e-21,1.22279929130972,0.29,0.114,3.27082982195771e-16,"2","SIT1"
2.07908358145631e-20,1.50224960663763,0.284,0.114,6.80650382897168e-16,"2","SUSD3"
3.87052576811651e-20,1.06958067509775,0.314,0.131,1.26713272596598e-15,"2","PBXIP1"
1.07845567750665e-19,0.694702349726192,0.42,0.196,3.53064819702126e-15,"2","ALOX5AP"
1.29463493052412e-19,0.931285166960788,0.319,0.133,4.23837583554986e-15,"2","LEF1"
1.40250198856889e-19,0.25961107392131,1,0.991,4.59151101017684e-15,"2","RPLP2"
1.87208129856465e-19,0.885567322205987,0.4,0.195,6.12881975524095e-15,"2","RGCC"
5.01531562097829e-19,0.623413687521496,0.681,0.434,1.64191402799587e-14,"2","IFITM1"
5.27577877953536e-19,0.362671169511806,0.945,0.806,1.72718445684429e-14,"2","NPM1"
7.65194368491684e-19,0.271642778617918,1,0.995,2.50509332356808e-14,"2","RPL3"
2.10600243652679e-18,0.484321392432911,0.835,0.645,6.89463077670139e-14,"2","CALM1"
2.65043415657258e-18,0.757315364743379,0.475,0.251,8.67699134178732e-14,"2","YWHAQ"
5.67751957120718e-17,0.522302903418828,0.84,0.641,1.85870635722181e-12,"2","HSPA8"
7.13834442392096e-17,0.280878479309903,0.998,0.967,2.33695119750324e-12,"2","RPL31"
9.47933597875924e-17,0.567448652955012,0.815,0.618,3.1033450127262e-12,"2","ZFP36L2"
1.57227218224334e-16,0.45876678635602,0.497,0.262,5.14730467022823e-12,"2","ACAP1"
1.76245043789235e-16,0.535404355929652,0.64,0.417,5.76991024357198e-12,"2","ARL6IP5"
1.82734267344868e-16,0.889308537152822,0.646,0.421,5.9823544443363e-12,"2","GIMAP4"
2.12125252087586e-16,0.45275957968714,0.87,0.708,6.9445565028434e-12,"2","RPSAP58"
2.6295095313584e-16,1.01783450098524,0.402,0.21,8.60848830376112e-12,"2","PPP2R5C"
2.7935929187355e-16,0.296859554422933,0.996,0.946,9.14566449735627e-12,"2","RPS20"
7.6773704695681e-16,0.348713570191783,0.978,0.878,2.51341754432721e-11,"2","CD52"
8.87975882243228e-16,0.621386262461327,0.543,0.334,2.90705544328788e-11,"2","FYB"
9.47253738883309e-16,0.494336803803077,0.648,0.397,3.10111929035618e-11,"2","IL2RG"
1.30522353641115e-15,0.699403096411389,0.556,0.345,4.27304081350283e-11,"2","PEBP1"
2.16768223277625e-15,0.51319368827019,0.615,0.388,7.09655809366287e-11,"2","TMEM123"
3.29476458480374e-15,0.789583315732045,0.534,0.325,1.07864002977305e-10,"2","CD69"
4.69615515205882e-15,0.313873026220166,0.969,0.895,1.53742727368101e-10,"2","RPL36A"
7.33254617058279e-15,1.20998272924816,0.288,0.135,2.40052896532539e-10,"2","TNFAIP3"
1.46463206567303e-14,0.341116680924517,0.976,0.908,4.79491245660037e-10,"2","FOS"
3.28160557017493e-14,0.92848961095721,0.275,0.131,1.07433203156387e-09,"2","LIMS1"
3.73950631681407e-14,0.599233516965869,0.422,0.228,1.22423957799859e-09,"2","MZT2A"
4.00824400836429e-14,0.776371336413348,0.402,0.22,1.3122189234583e-09,"2","PIK3IP1"
4.51616511733335e-14,0.749973785419972,0.378,0.195,1.47850213611259e-09,"2","OCIAD2"
8.97182933163492e-14,0.437750511226655,0.67,0.443,2.93719748659064e-09,"2","TRAF3IP3"
1.2342466419171e-13,0.549293290270625,0.684,0.477,4.04067665630820e-09,"2","SOD1"
1.79375196419509e-13,0.514840567598341,0.543,0.334,5.87238518038188e-09,"2","CRIP1"
3.01510942430774e-13,0.267899611298718,0.991,0.899,9.87086523329868e-09,"2","RPS26"
4.37784334161663e-13,0.265751218496353,0.991,0.956,1.43321835317845e-08,"2","RPL17"
7.45479849506576e-13,0.662822318899595,0.319,0.158,2.44055193131463e-08,"2","PIM1"
8.2166536449524e-13,0.47997238575679,0.646,0.423,2.68996807028452e-08,"2","ISG20"
1.34647514472005e-12,0.784256501279499,0.279,0.139,4.40809032878452e-08,"2","ILF3-AS1"
1.50358348101033e-12,0.296175819964545,0.958,0.846,4.92243160013163e-08,"2","RPS21"
1.69552357256762e-12,0.818756192893295,0.295,0.151,5.55080507187188e-08,"2","SOCS3"
1.70820537180289e-12,0.577227857944237,0.376,0.203,5.59232274620831e-08,"2","SEPT1"
4.67634180098512e-12,0.693406304207115,0.325,0.175,1.53094077880651e-07,"2","TXN"
8.3871431144689e-12,0.319348396989012,0.912,0.768,2.74578291281483e-07,"2","ITM2B"
9.59717288337807e-12,0.61751445440965,0.389,0.222,3.14192245856031e-07,"2","BIN1"
1.7796330005675e-11,0.87932287913084,0.36,0.207,5.82616251725787e-07,"2","TCF7"
1.86616255957195e-11,0.601220926941929,0.36,0.198,6.10944298752666e-07,"2","TSTD1"
4.04003446718503e-11,0.628758789674794,0.38,0.224,1.32262648386704e-06,"2","TUBA4A"
5.56371438804055e-11,0.424017022731974,0.637,0.437,1.82144881635671e-06,"2","RARRES3"
8.58624786949894e-11,0.524710675709554,0.391,0.221,2.81096582751656e-06,"2","RHOH"
1.28403825360585e-10,0.262651043210375,0.965,0.878,4.20368443465484e-06,"2","RPL38"
1.31377850597225e-10,0.787928396499008,0.391,0.232,4.30104807285195e-06,"2","LEPROTL1"
1.54396608269373e-10,0.34529499578414,0.914,0.793,5.05463616152273e-06,"2","DDX5"
1.57367875744793e-10,0.584536241018224,0.284,0.145,5.15190951613302e-06,"2","PRKCQ-AS1"
1.58565237889203e-10,0.853425800701089,0.255,0.132,5.19110875801674e-06,"2","PPP1R12A"
3.06713324943778e-10,0.504897866227089,0.435,0.262,1.00411808320094e-05,"2","ANKRD12"
3.33665625907818e-10,0.544689764937384,0.305,0.165,1.09235452609702e-05,"2","PSIP1"
3.68728476414054e-10,0.553510152512104,0.259,0.134,1.20714328608433e-05,"2","ADH5"
3.72041857906377e-10,0.542559430626253,0.336,0.184,1.2179906344139e-05,"2","TECR"
6.49917172002332e-10,0.370568637905054,0.842,0.672,2.12769883770123e-05,"2","MYL12B"
6.72403365819534e-10,1.03218811844558,0.367,0.228,2.20131413901999e-05,"2","SLC2A3"
7.31739578086912e-10,0.290303445809087,0.78,0.612,2.39556903074093e-05,"2","EIF4A2"
7.62546847108329e-10,0.447652954576298,0.622,0.456,2.49642586806325e-05,"2","RAN"
8.4394629131606e-10,0.54131411138089,0.429,0.264,2.76291136851052e-05,"2","DNAJB1"
9.51556536752373e-10,0.506660362638854,0.62,0.435,3.11520579001992e-05,"2","SKP1"
1.28936739257696e-09,0.482416508725875,0.607,0.418,4.22113096981846e-05,"2","COX6C"
1.82812210929934e-09,0.542706408529442,0.499,0.333,5.98490616142418e-05,"2","BTG2"
2.02995101732508e-09,0.526042708436626,0.527,0.351,6.64565364051884e-05,"2","HNRNPF"
2.34795462174751e-09,0.875199949226538,0.288,0.165,7.68673384067701e-05,"2","PDCD5"
4.16779222326775e-09,0.621017967037997,0.27,0.146,0.00013644518180534,"2","ABHD14B"
5.33873975321909e-09,0.287726180264722,0.905,0.753,0.000174779662040887,"2","TOMM7"
7.57883837375053e-09,0.347871524902883,0.695,0.496,0.000248116010679845,"2","HMGN1"
8.42220283729132e-09,0.362294905602748,0.796,0.62,0.000275726076487243,"2","KLF6"
1.0941488845517e-08,0.6288402646835,0.446,0.289,0.000358202461824535,"2","PPA1"
1.39960725883941e-08,0.390973165815476,0.626,0.465,0.000458203424398845,"2","LDHA"
1.85374302721679e-08,0.448461921304842,0.387,0.241,0.000606878392250233,"2","CCNL1"
2.10389609719527e-08,0.476604296248237,0.404,0.257,0.000688773504299789,"2","ABRACL"
2.72250081584489e-08,0.563593640182127,0.297,0.172,0.0008912923170913,"2","ADD3"
3.67615924682964e-08,0.462034720585951,0.378,0.235,0.00120350101422709,"2","DUSP2"
4.84654550089777e-08,0.534144043768836,0.308,0.186,0.00158666206608391,"2","SBDS"
5.43570950518935e-08,0.517657560912098,0.281,0.162,0.00177954257780889,"2","MYLIP"
5.99016233832147e-08,0.843055749319247,0.284,0.171,0.00196105934631968,"2","NSMCE1"
6.80520935771661e-08,0.310936432585454,0.947,0.847,0.00222788943952926,"2","ACTG1"
7.27471983409676e-08,0.490905226017228,0.468,0.311,0.0023815977792866,"2","SEPT9"
9.53038293449699e-08,0.505422427568823,0.371,0.238,0.00312005676509563,"2","DUT"
9.56077870704421e-08,0.487916737403667,0.336,0.207,0.00313000773311213,"2","TERF2IP"
1.11298531530841e-07,0.456463446016923,0.338,0.211,0.00364369132525668,"2","CDC42SE2"
1.16211880690926e-07,0.363756117587059,0.418,0.268,0.00380454455005952,"2","C9orf78"
1.5045394250772e-07,0.301013710772893,0.426,0.276,0.00492556116981773,"2","C12orf57"
1.57895315872712e-07,0.518053076261193,0.299,0.178,0.00516917685104084,"2","DSTN"
1.91488991244538e-07,0.438627230604108,0.314,0.193,0.00626896659536369,"2","BUB3"
2.30894564054206e-07,0.350340518873468,0.277,0.168,0.0075590262380066,"2","PSMG2"
2.36036742338593e-07,0.376012276760816,0.666,0.51,0.00772737087068085,"2","HSP90AA1"
2.83897801517292e-07,0.352755736414883,0.49,0.341,0.00929424622607311,"2","YWHAZ"
3.31618928470403e-07,0.702525626536745,0.4,0.266,0.0108565404802641,"2","PSMC5"
3.59360255683592e-07,0.332752869165828,0.84,0.735,0.0117647360505694,"2","TSC22D3"
3.69476333288805e-07,0.396406032987115,0.292,0.175,0.0120959161992089,"2","CRBN"
4.66328226421517e-07,0.417945087291929,0.323,0.201,0.0152666534765876,"2","CAPN2"
6.4018618144526e-07,0.528147803973104,0.259,0.153,0.0209584152081549,"2","RNF167"
6.48626858145883e-07,0.674875397818658,0.365,0.235,0.0212347460819799,"2","RWDD1"
7.08303746716392e-07,0.260393063309724,0.793,0.623,0.0231884480600013,"2","RAC2"
7.50746210894702e-07,0.57509875566544,0.389,0.268,0.0245779294522708,"2","ARHGDIA"
1.13339302625353e-06,0.304858962377806,0.69,0.544,0.0371050208934879,"2","SNRPD2"
1.19384926023031e-06,0.350824772852944,0.332,0.215,0.0390842370814197,"2","DDX24"
1.316078590673e-06,0.623208820872246,0.316,0.202,0.0430857809014526,"2","DDIT4"
1.44612648835045e-06,0.496401221282312,0.257,0.155,0.047343288975617,"2","RHOF"
1.60939474342145e-06,0.652640438395701,0.325,0.213,0.0526883651101314,"2","TAP1"
1.61022389229597e-06,0.270076852122071,0.809,0.607,0.0527155097859856,"2","S100A10"
1.72514477287932e-06,0.541534231756351,0.295,0.187,0.0564777895745231,"2","KARS"
1.90283851714228e-06,0.371517812755628,0.495,0.352,0.062295127374204,"2","MZT2B"
2.16959594266004e-06,0.396782461028038,0.532,0.391,0.0710282319708045,"2","MIF"
2.58268282405757e-06,0.337778949840365,0.404,0.28,0.0845518702939967,"2","SUB1"
3.04670377983317e-06,0.306410221923403,0.433,0.305,0.0997429883441784,"2","XRCC6"
3.05334269007148e-06,0.289818819091877,0.521,0.372,0.0999603329875602,"2","NDUFS5"
3.86244021227636e-06,0.496995368729284,0.255,0.157,0.126448567669504,"2","YME1L1"
4.64979571690876e-06,0.345404064514247,0.618,0.458,0.152225012180159,"2","SRSF7"
4.85469328297131e-06,0.397522700361604,0.409,0.284,0.158932948697915,"2","KRTCAP2"
5.31027891066266e-06,0.305137423518325,0.286,0.18,0.173847910977274,"2","ARL4C"
6.95523780917407e-06,0.559965330576205,0.295,0.195,0.227700575396741,"2","IL10RA"
7.02364408298641e-06,0.485567001872517,0.316,0.208,0.229940059988809,"2","SIGIRR"
8.69480126387419e-06,0.457427993741967,0.262,0.167,0.284650403776713,"2","NECAP2"
1.27341585175123e-05,0.453138769146571,0.341,0.228,0.416890881546319,"2","CD47"
1.27986507324865e-05,0.431845066721057,0.264,0.167,0.419002227680143,"2","HMOX2"
1.48937074936583e-05,0.295870133620578,0.407,0.273,0.487590195927384,"2","ANXA6"
1.56235022624344e-05,0.668868281388364,0.279,0.182,0.511482217067577,"2","TRAM1"
1.66033590719523e-05,0.310739106235931,0.424,0.306,0.543560769297575,"2","CCDC109B"
2.05796261983266e-05,0.497776252806428,0.297,0.193,0.673735802480815,"2","HSPE1"
2.48323037789106e-05,0.347552602118332,0.47,0.347,0.812959961113974,"2","DAD1"
2.85046538560711e-05,0.324303072246282,0.745,0.613,0.933185357940055,"2","IER2"
2.89513253788539e-05,0.41250438141786,0.301,0.198,0.947808490252919,"2","MGST3"
3.03598781251124e-05,0.363545134625015,0.279,0.184,0.993921690059929,"2","HSPA5"
3.03965626401083e-05,0.574485996833835,0.345,0.246,0.995122667711864,"2","NDUFB4"
3.5040066609007e-05,0.359933365823591,0.27,0.174,1,"2","USMG5"
3.74051727658621e-05,0.303302074356483,0.426,0.304,1,"2","NDFIP1"
3.79789707227916e-05,0.415899879923632,0.387,0.273,1,"2","GYPC"
4.03145087963669e-05,0.505086212818717,0.312,0.217,1,"2","IK"
5.5837021372323e-05,0.302370386242019,0.266,0.173,1,"2","GRK6"
6.51213187276338e-05,0.261609777891304,0.655,0.519,1,"2","RPL41"
7.172701420873e-05,0.397713694269311,0.367,0.257,1,"2","TMED2"
7.48736297116533e-05,0.329555853013429,0.345,0.239,1,"2","PCNP"
8.67005225703989e-05,0.459497637116715,0.27,0.179,1,"2","CHURC1"
8.78754927392508e-05,0.374210603725814,0.391,0.287,1,"2","PRDX1"
8.84137288611225e-05,0.395187958119182,0.323,0.222,1,"2","EIF4B"
9.06923600862966e-05,0.343982287237412,0.316,0.22,1,"2","MDH1"
0.000103937647587592,0.600835307458519,0.323,0.228,1,"2","KHDRBS1"
0.000117400076726944,0.405308822503221,0.275,0.186,1,"2","MRP63"
0.00012013672648962,0.499837239037908,0.323,0.223,1,"2","TMEM14B"
0.000125712732703612,0.352480536211141,0.49,0.355,1,"2","TRMT112"
0.000146397606320684,0.343080139158123,0.323,0.225,1,"2","XRCC5"
0.000152009471377152,0.334863587957636,0.321,0.23,1,"2","IDS"
0.000173621947087507,0.258840981301289,0.771,0.644,1,"2","GPSM3"
0.000177435804358262,0.293881532932131,0.262,0.178,1,"2","ATP1A1"
0.000183733719513826,0.257870663154082,0.697,0.582,1,"2","COMMD6"
0.000189546357920888,0.265294216618197,0.409,0.292,1,"2","ATPIF1"
0.000192813768308075,0.256469775696853,0.411,0.3,1,"2","EIF3I"
0.000198645162828989,0.383350456476846,0.308,0.218,1,"2","SSB"
0.000199140842206464,0.28662002740982,0.505,0.392,1,"2","CIB1"
0.000216935174965562,0.371256133074232,0.543,0.413,1,"2","CUTA"
0.000238464668195169,0.540257754790359,0.316,0.226,1,"2","DOK2"
0.000239298974467914,0.662465994272102,0.266,0.182,1,"2","EWSR1"
0.000258600001934385,0.379279865075196,0.512,0.387,1,"2","PTGES3"
0.000261957147594429,0.295127024471602,0.257,0.174,1,"2","OSTC"
0.000292819543061044,0.423783771280125,0.255,0.177,1,"2","MATR3"
0.00032071227319644,0.446199558152687,0.369,0.265,1,"2","DYNLRB1"
0.000321183565383932,0.250537450911654,0.356,0.253,1,"2","TOMM20"
0.000333215656479473,0.291604158325704,0.369,0.269,1,"2","PYURF"
0.000340585081942137,0.255876147370189,0.303,0.215,1,"2","DEK"
0.000365463653207721,0.251032170096768,0.319,0.229,1,"2","TUFM"
0.00039109987582066,0.361076551175998,0.387,0.286,1,"2","CSDE1"
0.000424827681964834,0.442841498411944,0.262,0.176,1,"2","DCK"
0.000425382805928021,0.371742846868603,0.297,0.207,1,"2","NDUFA12"
0.000476019627239506,0.303196687511373,0.466,0.357,1,"2","EIF3E"
0.000504507534732623,0.313871380315478,0.345,0.256,1,"2","ANXA11"
0.000530951570614854,0.273079987701604,0.295,0.208,1,"2","ANXA7"
0.000532982474496968,0.272867887219521,0.277,0.192,1,"2","HNRNPR"
0.000563504143327614,0.326171480409271,0.31,0.224,1,"2","UBE2L3"
0.000564713489939396,0.266189221888327,0.29,0.206,1,"2","TCEA1"
0.000722848672630059,0.271736502771607,0.253,0.18,1,"2","COPS6"
0.000733726498259154,0.314858106275872,0.257,0.181,1,"2","CACYBP"
0.000744791554215655,0.281976495764421,0.629,0.501,1,"2","GTF3A"
0.000910964926259654,0.451401219543009,0.332,0.249,1,"2","S1PR4"
0.000911593047735433,0.322508127530412,0.27,0.191,1,"2","TMEM243"
0.000980946143657316,0.254666519966982,0.38,0.291,1,"2","SF1"
0.00111923644534751,0.317187236315691,0.29,0.208,1,"2","RPS27L"
0.00124452634592276,0.324764812433007,0.259,0.182,1,"2","MRPL34"
0.00136393041177605,0.382446278407207,0.385,0.298,1,"2","HNRNPM"
0.00154756045815916,0.548138564691325,0.273,0.193,1,"2","STK4"
0.0015500527333238,0.252061087864915,0.266,0.191,1,"2","LSM2"
0.00155039356473346,0.264814741584698,0.519,0.398,1,"2","ATP5A1"
0.0016006641705902,0.363100936325997,0.303,0.226,1,"2","ARHGEF1"
0.00167343937516545,0.263807249565096,0.275,0.199,1,"2","FNBP1"
0.00235967309131619,0.258207812149323,0.503,0.406,1,"2","ICAM3"
0.0025606855241751,0.260861129204131,0.27,0.198,1,"2","CCT3"
0.0028388787394568,0.336598942393455,0.257,0.189,1,"2","TRAPPC6A"
0.00313356670372779,0.310112619058893,0.499,0.395,1,"2","CCND3"
0.00502874914534847,0.361188345820175,0.284,0.216,1,"2","RALY"
0.00522960563483199,0.407868486910146,0.27,0.207,1,"2","MX1"
0.0054219901205138,0.982539519342008,0.281,0.213,1,"2","NSA2"
0.00775369697586544,0.544936933889729,0.297,0.231,1,"2","DGUOK"
0.00811422973543413,0.532840609179275,0.273,0.202,1,"2","HAX1"
0.00855107052684283,0.653982088208965,0.336,0.267,1,"2","FUS"
0,6.91104829344625,0.936,0.041,0,"3","CD79A"
0,5.7184055824175,0.855,0.053,0,"3","MS4A1"
2.6750383590433e-274,4.63650015856981,0.916,0.142,8.75754057983596e-270,"3","CD79B"
2.38412676227615e-272,7.37974559946056,0.564,0.009,7.80515419433965e-268,"3","LINC00926"
9.48176228518399e-271,6.68787628491372,0.622,0.022,3.10413933692354e-266,"3","TCL1A"
3.01884959428159e-266,3.97177554646782,0.89,0.118,9.88310980175907e-262,"3","HLA-DQA1"
2.75280685578214e-237,7.13485673288345,0.488,0.007,9.01213908445957e-233,"3","VPREB3"
1.17001693922954e-229,4.0447375288542,0.863,0.147,3.83040145564967e-225,"3","HLA-DQB1"
5.28483342443996e-185,2.98638234447134,1,0.821,1.73014876649315e-180,"3","CD74"
1.96994731431889e-183,2.85282209886834,1,0.494,6.4492135176172e-179,"3","HLA-DRA"
2.43280315403283e-170,6.36092054184505,0.381,0.009,7.96451096567267e-166,"3","FCER2"
2.41961480585089e-165,2.50370471228776,0.985,0.449,7.92133495139463e-161,"3","HLA-DPB1"
3.30065007995269e-159,4.51961049713815,0.483,0.037,1.08056682317491e-154,"3","BANK1"
5.44146967758744e-154,2.21588961116283,0.983,0.381,1.78142834304858e-149,"3","HLA-DRB1"
4.71086121478846e-142,2.1407293412365,0.977,0.421,1.54224174449744e-137,"3","HLA-DPA1"
3.98636175318832e-138,6.06025291674388,0.311,0.007,1.30505511075879e-133,"3","TSPAN13"
3.72811865277886e-137,3.82227635001961,0.523,0.065,1.22051148454674e-132,"3","HLA-DQA2"
7.08341690910459e-135,6.72025997656731,0.297,0.006,2.31896902770266e-130,"3","FCRLA"
9.41043692918196e-130,2.05454078730359,0.962,0.741,3.08078884187559e-125,"3","CD37"
1.09049803369905e-119,2.20947094044686,0.852,0.276,3.57007246272395e-115,"3","HLA-DRB5"
2.30175124275297e-119,3.36579338369469,0.491,0.068,7.53547321852469e-115,"3","HVCN1"
7.4373390863923e-116,5.5290706146705,0.276,0.008,2.43483607010311e-111,"3","PKIG"
1.160779891196e-114,5.48403874447069,0.288,0.011,3.80016120779747e-110,"3","HLA-DOB"
1.46905699706959e-101,4.68483822216558,0.282,0.015,4.80939879700642e-97,"3","BLK"
5.36860091298796e-101,2.52536319953472,0.695,0.201,1.757572566894e-96,"3","HLA-DMA"
2.73579279841918e-98,3.69745684743492,0.317,0.024,8.9564384634647e-94,"3","PDLIM1"
3.04477163413136e-98,4.64020708284353,0.288,0.018,9.96797337581924e-94,"3","GNG7"
9.25292295036622e-98,5.43046701778731,0.265,0.013,3.02922191549089e-93,"3","CD72"
1.40153201492555e-92,2.92211823512196,0.549,0.126,4.58833551046325e-88,"3","HLA-DMB"
3.82233826050449e-87,4.81152859237938,0.273,0.02,1.25135709972396e-82,"3","P2RX5"
2.47314288882687e-84,4.12520856204977,0.291,0.026,8.09657518944141e-80,"3","CD40"
1.70670738657877e-74,3.83632889404918,0.352,0.056,5.58741864218159e-70,"3","EAF2"
6.52408545489668e-71,3.68162700143486,0.314,0.044,2.13585509622408e-66,"3","PPAPDC1B"
3.87848932565112e-69,3.40213349438963,0.375,0.071,1.26973983543166e-64,"3","IRF8"
2.00368257499514e-66,0.610680597373364,1,0.993,6.55965601401909e-62,"3","RPL18A"
1.38217608683848e-61,3.21268929019082,0.326,0.058,4.52496807309181e-57,"3","CYB561A3"
3.27597751607685e-61,3.69956276417838,0.27,0.037,1.07248951921324e-56,"3","QRSL1"
2.23479183650997e-57,3.56850343720626,0.282,0.045,7.31626151436633e-53,"3","MARCH1"
8.49635505662427e-55,3.55732965050449,0.267,0.042,2.78153671843765e-50,"3","MEF2C"
1.71490145496912e-52,0.644939635990264,1,0.98,5.61424438327791e-48,"3","RPS23"
3.87510598609411e-52,3.16349814790144,0.323,0.069,1.26863219772749e-47,"3","SMIM14"
4.46571200428479e-51,0.711467101537418,0.991,0.943,1.46198479596276e-46,"3","RPS11"
9.93846306976993e-50,0.578555109457617,1,0.976,3.25365403978128e-45,"3","RPS5"
5.05402545764263e-49,1.96482082791799,0.465,0.151,1.65458685432304e-44,"3","LY86"
7.82517166876937e-49,3.08841427661828,0.294,0.06,2.56180470092172e-44,"3","PLEKHF2"
6.9001270127886e-46,2.12798842933483,0.471,0.176,2.25896358144673e-41,"3","SNX2"
9.78146781146663e-45,0.773411741132886,0.936,0.669,3.20225693211794e-40,"3","LTB"
2.46549572582017e-39,1.46072901890953,0.695,0.427,8.07153990719006e-35,"3","ISG20"
2.52782257915595e-38,1.92390655434349,0.392,0.132,8.27558555964076e-34,"3","NCF1"
9.90093273340867e-38,1.23644994461278,0.811,0.569,3.24136735826333e-33,"3","CXCR4"
1.52692075092178e-36,0.413829937213913,1,0.999,4.99883315436773e-32,"3","RPL13A"
1.11993069541246e-35,1.69829942637872,0.5,0.231,3.66642911064131e-31,"3","SNHG7"
1.6627046991618e-35,1.11242445704583,0.872,0.781,5.44336264411589e-31,"3","LAPTM5"
7.79098956976688e-35,0.445438698733645,1,0.986,2.55061416535028e-30,"3","RPS8"
1.43349278320497e-33,0.384208667220864,1,0.995,4.69296867365642e-29,"3","RPL15"
3.30735144361311e-31,0.440600482024065,1,0.986,1.08276071561006e-26,"3","RPL8"
2.05843535190277e-29,2.74108005375138,0.25,0.069,6.73890565505928e-25,"3","LAT2"
4.32694862993966e-29,1.80375684993913,0.41,0.178,1.41655644246965e-24,"3","FAIM3"
1.07640700827063e-26,0.384678503603141,0.994,0.982,3.5239412636764e-22,"3","RPL18"
1.78179943148615e-24,0.376953587096162,0.997,0.993,5.83325497879934e-20,"3","RPS27"
4.87038923813644e-24,0.378324236427948,0.997,0.985,1.59446802878111e-19,"3","RPL10A"
1.33362481678799e-23,0.791066935495274,0.843,0.612,4.36602092520053e-19,"3","PTPRCAP"
9.72795858307221e-23,2.07869758507799,0.273,0.102,3.18473908092618e-18,"3","STX7"
1.03809308001553e-21,0.570955835822786,0.953,0.886,3.39850912535483e-17,"3","CD52"
1.05330890436631e-20,0.452703824222678,0.997,0.978,3.44832269111442e-16,"3","GNB2L1"
1.17537307773039e-20,1.76482065419475,0.297,0.122,3.84793638187376e-16,"3","SYPL1"
9.19029272381516e-20,0.444678517838106,0.988,0.954,3.00871803192261e-15,"3","RPSA"
1.98048324286211e-19,0.361209282236001,0.997,0.991,6.48370604048197e-15,"3","RPL12"
1.24347032725577e-18,0.655701581338918,0.756,0.643,4.07087315736996e-14,"3","LIMD2"
1.22344254671097e-17,0.335107134669781,0.997,0.985,4.00530620942239e-13,"3","RPL29"
4.27669549055853e-17,1.65134594349167,0.262,0.111,1.40010456969905e-12,"3","BIRC3"
2.97566010747059e-16,0.318051970943823,0.994,0.983,9.74171605983721e-12,"3","FAU"
6.67229213322749e-16,0.276670275589373,1,0.997,2.18437499857601e-11,"3","RPS18"
1.7256197628462e-15,0.297548636915518,1,0.99,5.64933397960588e-11,"3","RPL23A"
2.42101023196258e-15,0.475679926732168,0.907,0.859,7.92590329739909e-11,"3","RPS21"
3.8473598140874e-15,1.61935108406437,0.265,0.121,1.25954865593593e-10,"3","PRKCB"
8.38558552565803e-15,0.251767989365185,1,0.994,2.74527298938993e-10,"3","RPL19"
9.92515889431967e-15,0.313452893535058,0.997,0.975,3.24929851882237e-10,"3","RPL9"
1.23365002503729e-14,0.997049795523019,0.581,0.449,4.03872345196707e-10,"3","SNX3"
1.23877566109464e-14,0.348463659793053,0.997,0.963,4.05550375929163e-10,"3","RPS13"
2.60927383134755e-14,0.61247015452744,0.866,0.833,8.54224066906561e-10,"3","EEF2"
2.94254407871856e-14,1.27828923130669,0.366,0.209,9.63330080490881e-10,"3","FAM26F"
9.75342252345189e-14,0.286937930687291,1,0.992,3.19307546572768e-09,"3","RPL21"
2.56217739212118e-13,0.258657790124248,1,0.993,8.38805634632632e-09,"3","RPS19"
2.73894676063894e-13,1.13539497072232,0.485,0.328,8.96676390497976e-09,"3","POLD4"
4.00662892301477e-13,0.252078093578402,0.997,0.992,1.31169017681658e-08,"3","RPLP2"
7.06241645125418e-13,0.335355577159642,0.977,0.952,2.31209389781159e-08,"3","RPL37A"
7.48684462028802e-13,0.819506841174467,0.576,0.441,2.45104319178989e-08,"3","PLAC8"
8.80496414437584e-13,0.500949581087617,0.913,0.884,2.88256916158576e-08,"3","EEF1B2"
3.62618325249095e-12,0.389669385459843,0.89,0.825,1.18713987320049e-07,"3","GLTSCR2"
5.5136125030622e-12,0.308537537878094,0.968,0.952,1.8050464612525e-07,"3","RPL37"
5.86504115982811e-12,0.308816502807247,0.98,0.97,1.92009717490453e-07,"3","RPL35"
8.61211487403535e-12,1.59294674292874,0.323,0.182,2.81943416746169e-07,"3","RPL22L1"
2.0588322840083e-11,0.284821461726225,0.988,0.972,6.74020513138637e-07,"3","RPL5"
2.97798258913849e-11,1.18216138430278,0.328,0.199,9.74931940032158e-07,"3","RCSD1"
3.17925156787958e-11,1.22262161550668,0.337,0.205,1.04082337829242e-06,"3","SEC62"
6.64194751654644e-11,0.282285238792537,0.991,0.979,2.17444077796697e-06,"3","RPS3A"
1.31612576250846e-10,0.920478596264455,0.477,0.357,4.3087325213002e-06,"3","PNISR"
5.99574507907363e-10,1.40294707857495,0.262,0.147,1.96288702398713e-05,"3","BLOC1S2"
7.36729211650867e-10,0.281839015868783,0.977,0.955,2.41190409310261e-05,"3","RPL27"
2.10451467101427e-09,0.54221998979936,0.622,0.517,6.8897601299665e-05,"3","HMGN1"
3.23031601113309e-09,1.13072548428723,0.305,0.189,0.000105754085572475,"3","TMEM243"
4.08198421774862e-09,1.02022134413511,0.265,0.152,0.000133635999320654,"3","RNASEH2B"
4.23116045800404e-09,1.08039026145272,0.259,0.145,0.000138519731074136,"3","POU2F2"
5.24067017682601e-09,0.863898838538832,0.468,0.345,0.00017156906024893,"3","CD69"
9.88070739441851e-09,0.389840469795745,0.82,0.723,0.000323474598678473,"3","RPSAP58"
1.17978140844148e-08,1.00372055578872,0.253,0.148,0.00038623683749557,"3","DRAM2"
4.70760746530827e-08,1.02989198680839,0.573,0.458,0.00154117653199262,"3","SELL"
6.63875662963904e-08,0.45583343412023,0.701,0.632,0.00217339614541123,"3","EIF4A2"
7.26710476878053e-08,0.420932349951353,0.791,0.748,0.00237910475920337,"3","TSC22D3"
3.13466480463492e-07,0.812762188509652,0.326,0.23,0.0102622656374138,"3","ZFP36L1"
3.49077200554003e-07,0.454818852702478,0.654,0.602,0.0114280893917369,"3","ATP6V1G1"
4.35867245826366e-07,0.837200630431956,0.358,0.256,0.0142694218938636,"3","SP100"
4.59863278754182e-07,0.250723457810577,0.881,0.808,0.0150550040198544,"3","ARPC3"
6.03819377959568e-07,0.64793741546616,0.608,0.539,0.0197678387956403,"3","CD53"
9.95149266855236e-07,1.13232154056129,0.267,0.18,0.0325791966983067,"3","DCK"
1.08095863121171e-06,1.1147729227344,0.294,0.207,0.0353884236686091,"3","PAPOLA"
1.10695917405837e-06,0.312772009285779,0.913,0.876,0.0362396294403228,"3","BTG1"
2.61828275473341e-06,1.10157977565291,0.273,0.186,0.0857173408244623,"3","EZR"
3.15391485817361e-06,0.477502364377554,0.669,0.625,0.103252864626888,"3","CCNI"
3.64131621511942e-06,0.731597008742203,0.535,0.474,0.119209410250579,"3","ANAPC16"
3.91521893700479e-06,0.883387393191069,0.288,0.201,0.128176437559663,"3","HERPUD1"
9.60058994917486e-06,0.765583370625637,0.372,0.284,0.314304113756086,"3","PTPN6"
1.16099026284311e-05,0.492280183212701,0.599,0.558,0.380084992249577,"3","ERP29"
1.28456514290517e-05,0.65023682189624,0.593,0.557,0.420540936484294,"3","UCP2"
1.3655467195215e-05,0.737597831160446,0.355,0.273,0.447052685036948,"3","SP110"
2.70007583914137e-05,0.414733008805805,0.727,0.704,0.883950828218103,"3","CIRBP"
2.73338637842322e-05,0.426900583533633,0.77,0.758,0.894856032568193,"3","TXNIP"
2.94341186304408e-05,1.46416443263611,0.308,0.233,0.963614175723371,"3","RASGRP2"
4.29576650216069e-05,0.664138470131882,0.323,0.239,1,"3","RHOH"
4.95924903027479e-05,0.371539624902959,0.695,0.684,1,"3","NBEAL1"
5.54898873056954e-05,0.924935951463545,0.291,0.216,1,"3","TAF7"
6.83278631009619e-05,0.762466976856254,0.358,0.294,1,"3","FAM65B"
8.27291585888562e-05,0.375842182466373,0.654,0.634,1,"3","HNRNPA2B1"
0.00010858797555842,0.832686209081366,0.375,0.31,1,"3","STK17A"
0.000115830132758705,0.302350966713019,0.846,0.86,1,"3","RPL23"
0.00015853126368015,0.639841464881188,0.334,0.262,1,"3","LSM7"
0.000388667066352585,0.853974609162007,0.279,0.218,1,"3","TSTD1"
0.000409504303180577,0.902766481432164,0.267,0.204,1,"3","LSM10"
0.000702574427210186,0.670005211684976,0.273,0.212,1,"3","TCEA1"
0.000705789935525451,0.578210186241288,0.358,0.304,1,"3","EIF4G2"
0.000719919806621885,0.550412468602758,0.602,0.606,1,"3","HNRNPDL"
0.000802710606653687,0.263691409809161,0.244,0.361,1,"3","UBE2L6"
0.00100633804932677,0.718203750064594,0.491,0.45,1,"3","UQCRH"
0.00159760265449852,0.592167872805338,0.64,0.633,1,"3","HMGB1"
0.0017988950366313,0.500852828666988,0.366,0.321,1,"3","EVI2B"
0.00209943813536729,0.714586000314636,0.331,0.292,1,"3","SEP15"
0.00317080040577896,0.706500762252495,0.25,0.197,1,"3","LSM2"
0.00710374128597252,0.595858909441286,0.331,0.301,1,"3","SPCS2"
0.00834812785046764,0.374806671364885,0.474,0.442,1,"3","C11orf31"
0.0087956489579987,0.39309525067118,0.506,0.496,1,"3","HNRNPK"
6.93515143468045e-211,3.33935306898455,0.96,0.226,2.27042987668568e-206,"4","CCL5"
8.56987560325406e-194,4.8995510397184,0.588,0.046,2.80560587499331e-189,"4","GZMK"
4.47965690507512e-192,2.46330068573711,0.945,0.208,1.46655007758349e-187,"4","NKG7"
1.35762118155686e-184,2.68451795797903,0.794,0.114,4.44458022418086e-180,"4","GZMA"
4.64945536142101e-175,2.59687554605461,0.769,0.116,1.52213869622201e-170,"4","CST7"
6.44887503416319e-126,2.433444795996,0.815,0.227,2.11123270868435e-121,"4","CTSW"
1.6848842870198e-102,3.37335691429875,0.468,0.069,5.51597417884541e-98,"4","CD8A"
3.74517085288528e-97,3.17202354225844,0.449,0.068,1.22609403381758e-92,"4","KLRG1"
1.23843672694607e-88,0.692044539117251,1,1,4.05439415667605e-84,"4","B2M"
5.83505821970978e-88,2.19929909342139,0.557,0.13,1.91028135996859e-83,"4","LYAR"
7.22120684692925e-83,3.65742716095126,0.391,0.059,2.3640786975477e-78,"4","GZMH"
6.43615059893261e-77,1.50564429325578,0.926,0.5,2.10706698307856e-72,"4","IL32"
4.4356140156301e-75,0.890446216101505,0.997,0.979,1.45213131643698e-70,"4","HLA-C"
6.34217661388774e-63,0.791221205090815,0.994,0.962,2.07630177985457e-58,"4","HLA-A"
1.02126616491039e-61,1.26645070162748,0.474,0.112,3.34342117068362e-57,"4","PRF1"
3.55133375674785e-60,1.88966905351237,0.575,0.198,1.16263564528411e-55,"4","GZMM"
7.01407771616778e-52,2.2091890608846,0.425,0.11,2.29626876271901e-47,"4","HOPX"
5.56383415071509e-50,1.23728990801043,0.849,0.474,1.82148802426111e-45,"4","CD3D"
8.75135399036101e-47,1.14393128115742,0.895,0.606,2.86501826936439e-42,"4","PTPRCAP"
6.83668737037344e-45,2.66592804851434,0.255,0.044,2.23819471131286e-40,"4","MATK"
1.08222007098525e-44,1.30497694613002,0.782,0.506,3.5429720683915e-40,"4","HCST"
1.63581100551008e-41,2.18875298785205,0.357,0.095,5.35531806983888e-37,"4","CD8B"
1.47063741968834e-39,2.06371583412864,0.326,0.088,4.81457278457568e-35,"4","SAMD3"
1.5316620903356e-38,0.604438924683326,0.982,0.943,5.01435535134069e-34,"4","HLA-B"
2.95184230645287e-38,0.543292320467563,1,1,9.6637413428654e-34,"4","MALAT1"
1.00763692592864e-37,1.37941760547169,0.323,0.084,3.29880176810519e-33,"4","CCL4"
9.64509425132168e-34,2.13136449246,0.446,0.185,3.15761095599769e-29,"4","APOBEC3G"
1.76118899099471e-33,2.72192719602682,0.271,0.069,5.76578051871847e-29,"4","NCR3"
1.04063400943969e-28,1.2257696506091,0.292,0.084,3.40682762010365e-24,"4","FGFBP2"
1.9491027773079e-28,1.77860846650218,0.329,0.111,6.38097267235062e-24,"4","C12orf75"
6.26384393302903e-27,1.0301277577672,0.606,0.327,2.05065722679505e-22,"4","LCK"
4.03678191220383e-26,0.916469392791565,0.714,0.477,1.32156166241729e-21,"4","CD99"
1.21861372888245e-23,0.487196948256685,0.948,0.864,3.98949762561537e-19,"4","MYL12A"
1.82292768288575e-23,0.442581289085439,0.295,0.096,5.96790064823136e-19,"4","GZMB"
3.7170389823222e-23,1.54578313001653,0.449,0.233,1.21688422203264e-18,"4","DUSP2"
1.25036247104571e-21,0.861537025678942,0.711,0.454,4.09343665770943e-17,"4","CD3E"
6.24057623095034e-21,1.63904287673222,0.268,0.096,2.04303984648852e-16,"4","CHST12"
1.53738659672532e-20,1.1077382514877,0.498,0.293,5.03309624035936e-16,"4","CD2"
1.7081040293848e-19,0.920005933470384,0.649,0.447,5.59199097139996e-15,"4","RARRES3"
4.79880945655955e-18,0.52519133536811,0.942,0.88,1.57103423988846e-13,"4","HLA-E"
2.00385897714212e-17,1.43183293051948,0.262,0.103,6.56023351936788e-13,"4","APMAP"
4.2767156931388e-16,1.28834846655325,0.329,0.159,1.40011118361978e-11,"4","GNLY"
2.46405851085248e-15,1.57995060298182,0.28,0.125,8.06683475282886e-11,"4","TPST2"
4.19664583074156e-15,0.942025982257435,0.545,0.365,1.37389791206817e-10,"4","ID2"
6.81423392360298e-15,0.467280643683419,0.975,0.941,2.23084390190914e-10,"4","PFN1"
1.42612744150726e-13,0.641279757115102,0.428,0.246,4.66885601800645e-09,"4","CD247"
6.33283751999257e-13,0.482518884231009,0.948,0.929,2.07324434729517e-08,"4","MT-CYB"
8.61405483814056e-13,1.78973659477154,0.265,0.127,2.82006927291046e-08,"4","ZAP70"
8.24432010321977e-12,1.13971441189026,0.308,0.169,2.69902551539209e-07,"4","ARPC5L"
1.03259587604823e-11,0.909461021314114,0.403,0.249,3.3805123790067e-07,"4","CTSC"
1.35929623991966e-11,0.635591103905938,0.76,0.666,4.45006403024899e-07,"4","CALM1"
1.55072788712276e-11,1.25974116357583,0.28,0.148,5.0767729568625e-07,"4","SLC9A3R1"
3.78124046453841e-11,1.22971908334993,0.28,0.15,1.23790250328058e-06,"4","FYN"
7.20614449513334e-11,0.791802096776215,0.557,0.424,2.35914758481675e-06,"4","IL2RG"
7.89420702597547e-11,1.27918478044531,0.431,0.295,2.58440549616385e-06,"4","LITAF"
1.03208430476577e-10,0.404405663687663,0.874,0.805,3.37883759694217e-06,"4","DDX5"
2.10522563733735e-10,0.528180015900486,0.76,0.693,6.89208769151502e-06,"4","MYL12B"
3.03288508536028e-10,0.754030761925586,0.458,0.323,9.92905919245249e-06,"4","SEPT7"
6.31652366607896e-10,0.330884872002575,0.877,0.85,2.06790351780093e-05,"4","UBC"
1.21556171533276e-09,0.387140941806094,0.655,0.524,3.9795059436564e-05,"4","GIMAP7"
1.22594403333858e-09,0.98652492490156,0.348,0.222,4.01349557634385e-05,"4","MYO1F"
1.51448217540163e-09,0.806247050049006,0.474,0.355,4.95811174582986e-05,"4","BIN2"
1.59765626805439e-09,0.996669381567349,0.394,0.275,5.23040709035647e-05,"4","YWHAQ"
1.78170404561739e-09,1.57515298971763,0.351,0.227,5.8329427045422e-05,"4","C9orf142"
1.83127870160557e-09,0.540943623514496,0.628,0.537,5.99524021331632e-05,"4","CD53"
2.24490170116552e-09,0.875637040659334,0.434,0.318,7.34935918927568e-05,"4","HLA-F"
2.2459079866818e-09,0.920042783955582,0.335,0.204,7.35265356679888e-05,"4","LAT"
4.18533178986257e-09,1.16123475302107,0.32,0.205,0.000137019392136521,"4","CD3G"
8.88873029272945e-09,0.623539995323016,0.686,0.58,0.000290999252323377,"4","ANXA1"
9.97089520339841e-09,0.462034445203471,0.917,0.89,0.000326427167168857,"4","MT-ND2"
1.29755352551481e-08,0.866394194452735,0.351,0.228,0.000424793073183038,"4","PPP2R5C"
1.36808802092521e-08,1.18938426302581,0.298,0.186,0.000447884656290494,"4","HSPA5"
1.9790530700861e-08,1.14880714733219,0.268,0.157,0.000647902394084789,"4","PLEK"
2.04245558005926e-08,0.464702348671042,0.615,0.526,0.000668659107799799,"4","HSP90AA1"
3.52034724919954e-08,0.935493138026984,0.302,0.184,0.00115249128244294,"4","ARL4C"
6.07936473028643e-08,0.564512689368271,0.582,0.462,0.00199026242540117,"4","IFITM1"
6.75875663122252e-08,0.951146632471227,0.351,0.237,0.00221268174592963,"4","SUN2"
6.82334819752722e-08,0.548145225171018,0.431,0.303,0.00223382773290646,"4","STK17A"
1.14898621183829e-07,0.970774557304136,0.277,0.173,0.00376155106031618,"4","PIM1"
1.42933654812188e-07,0.522339993193559,0.538,0.444,0.0046793619912414,"4","PTPRC"
1.56197126674248e-07,0.758692981243707,0.375,0.272,0.00511358153306154,"4","PPP1R18"
1.62284508041285e-07,0.830004140289061,0.391,0.282,0.00531287022425557,"4","ANXA6"
2.46222898369576e-07,0.49265241984335,0.455,0.351,0.00806084524682319,"4","RAP1B"
2.94288530802842e-07,0.252677916267299,0.997,0.971,0.00963441792142345,"4","RPS27A"
5.71808533760957e-07,0.502517367674503,0.711,0.644,0.0187198677782662,"4","ZFP36L2"
6.58285334202771e-07,0.707628336944482,0.403,0.308,0.0215509452711303,"4","DHRS7"
1.36776206483805e-06,0.369330653113041,0.582,0.508,0.0447777944786681,"4","TMBIM6"
1.39247586398939e-06,0.6251228343985,0.492,0.402,0.0455868748352845,"4","CCND3"
1.63095011299286e-06,0.431689256286357,0.8,0.78,0.0533940447991601,"4","UBB"
1.69348944939681e-06,0.83996878883989,0.265,0.17,0.0554414575943526,"4","RPA2"
1.90698601023398e-06,0.621647154141832,0.465,0.354,0.06243090800304,"4","CD7"
4.00351340473044e-06,0.637976625080208,0.332,0.24,0.131067021844065,"4","TUBA4A"
4.25117739674474e-06,0.664429164712961,0.326,0.236,0.139175045614629,"4","HSP90B1"
6.3315450883576e-06,0.535568473766259,0.551,0.49,0.207282123102651,"4","HNRNPK"
6.69296930189298e-06,0.309234074429263,0.674,0.591,0.219114429005372,"4","CXCR4"
7.69922494058695e-06,0.751449101803979,0.292,0.203,0.252057226104936,"4","BUB3"
1.9813788858666e-05,0.473475618338846,0.545,0.477,0.648663819655007,"4","SRSF7"
2.15806807866859e-05,0.658957125983681,0.366,0.275,0.706508327594522,"4","XBP1"
2.37667546798654e-05,0.857793061391804,0.406,0.329,0.778076014709432,"4","PDIA3"
2.38776886810386e-05,0.292140506892002,0.726,0.634,0.781707772039843,"4","CLIC1"
2.83072351149201e-05,0.545169097074153,0.308,0.218,0.926722263192254,"4","TERF2IP"
3.23354284030258e-05,0.755054640622469,0.289,0.206,1,"4","CKLF"
4.22863378823448e-05,0.371994665533617,0.763,0.74,1,"4","PPIA"
5.10039428240781e-05,0.563783891383546,0.532,0.474,1,"4","GUK1"
5.56283046971192e-05,0.576420741897452,0.465,0.394,1,"4","IL7R"
9.85794639243701e-05,0.319938118622102,0.883,0.861,1,"4","ACTG1"
0.00011372154547916,1.41613512720693,0.326,0.258,1,"4","TMEM50A"
0.000128817501501129,0.348858280104219,0.538,0.462,1,"4","ITGB2"
0.000129133295746787,0.462134960370046,0.502,0.449,1,"4","ARL6IP5"
0.000143828235408957,0.402329072427989,0.742,0.703,1,"4","CIRBP"
0.000157484223026865,0.327244049736982,0.702,0.671,1,"4","HSPA8"
0.00018967388146442,0.268831593826204,0.508,0.453,1,"4","GIMAP4"
0.000224599748328336,0.606944142784867,0.366,0.305,1,"4","HNRNPA3"
0.000324742733556718,0.580005555907528,0.517,0.471,1,"4","PPIB"
0.000352941654844852,0.479007716693316,0.44,0.38,1,"4","LCP1"
0.000388198123316764,0.556772037653878,0.305,0.234,1,"4","KMT2E"
0.0003901521560629,0.291603821427331,0.557,0.518,1,"4","GTF3A"
0.000420602610474567,0.275224120154869,0.557,0.484,1,"4","AES"
0.000441549016291198,0.568808373851511,0.277,0.208,1,"4","BTN3A2"
0.000466553956605482,0.683885635441717,0.397,0.34,1,"4","SNRPB"
0.000509591316514519,0.461390800698997,0.686,0.645,1,"4","KLF6"
0.000527174180547414,0.766007295760769,0.308,0.246,1,"4","TMED9"
0.000527900803343624,0.290668857419338,0.618,0.581,1,"4","PSMB9"
0.000532419208844487,0.681385916192731,0.271,0.201,1,"4","SPOCK2"
0.000554687591136201,1.16599846457802,0.283,0.218,1,"4","CDC37"
0.000604563094477927,0.683581967944108,0.289,0.218,1,"4","OCIAD2"
0.000608327846880524,0.663393582801085,0.289,0.225,1,"4","TAP1"
0.000619420958306293,0.817505653697056,0.268,0.204,1,"4","IL10RA"
0.000635930980864878,0.633784693624646,0.338,0.272,1,"4","CALR"
0.00066925287733439,0.336552796760973,0.409,0.336,1,"4","CD63"
0.000728089695441332,0.488053529855652,0.329,0.269,1,"4","MEAF6"
0.000758909285213142,0.742116622704454,0.428,0.37,1,"4","CMPK1"
0.000876750791485428,0.477056500467456,0.492,0.451,1,"4","VAMP2"
0.00102578120257051,0.443174737462827,0.44,0.393,1,"4","TMEM59"
0.0011236600074573,0.638337127722567,0.252,0.191,1,"4","DSTN"
0.00135129581789354,0.274341847035725,0.662,0.629,1,"4","HMGB1"
0.00149710865516886,0.502098322444979,0.305,0.243,1,"4","BIN1"
0.0015797604823979,0.870580421476235,0.271,0.215,1,"4","CAPN2"
0.00170859814742246,0.485072865599002,0.646,0.635,1,"4","IER2"
0.00172952164592826,0.400137989681743,0.425,0.384,1,"4","C11orf58"
0.00185385528502709,0.572490978105149,0.357,0.298,1,"4","SPCS2"
0.00198805979312902,0.428128047530763,0.286,0.23,1,"4","GADD45B"
0.00200622560348554,0.473553426260273,0.766,0.758,1,"4","TXNIP"
0.00212840670740832,0.620502429410597,0.403,0.359,1,"4","C9orf16"
0.0021686104731624,0.494364893927392,0.357,0.298,1,"4","KRTCAP2"
0.00267911850347522,0.250889784168566,0.631,0.616,1,"4","SSR2"
0.00273066314231625,0.558847839537227,0.452,0.409,1,"4","CAP1"
0.00273247029887063,0.612729910205846,0.265,0.209,1,"4","SDHC"
0.00283073076514373,0.269367287584242,0.594,0.565,1,"4","SNRPD2"
0.00306876214515905,1.0458975210086,0.268,0.211,1,"4","PRMT2"
0.00329491858031381,0.63304792062377,0.255,0.2,1,"4","HNRNPR"
0.00333946003338749,0.523683022653167,0.277,0.225,1,"4","MED10"
0.00416566846517036,0.521068125663698,0.332,0.287,1,"4","DNAJB1"
0.00423992019770179,0.569020533846361,0.255,0.201,1,"4","WIPF1"
0.00597321376302865,0.849872744688385,0.335,0.279,1,"4","GIMAP5"
0.00623887858799972,0.306734945218458,0.422,0.398,1,"4","NDUFB8.1"
0.0079667942117269,0.624365349365472,0.345,0.297,1,"4","ACAP1"
0.00817115183321904,0.46901717701871,0.434,0.396,1,"4","COX7A2"
0.00839496863267983,0.326774046911945,0.283,0.228,1,"4","ALOX5AP"
0.00856033974993099,0.554855085387959,0.265,0.216,1,"4","CDKN2D"
0.00860322813245729,0.731876010582039,0.271,0.223,1,"4","CITED2"
0.00925375624152995,0.501130185795642,0.28,0.232,1,"4","P4HB"
2.05759367788322e-215,5.4484849321893,0.512,0.01,6.73615018265409e-211,"5","CDKN1C"
1.62890375639102e-206,4.10363713192058,0.856,0.068,5.33270511767291e-202,"5","RP11-290F20.3"
6.64863744570869e-201,4.91774611248307,0.581,0.021,2.17663092697611e-196,"5","HES4"
3.07795376681396e-186,4.38974369839454,0.812,0.073,1.00766050417956e-181,"5","MS4A7"
2.20114816466313e-184,4.06326806914801,0.981,0.135,7.20611886147416e-180,"5","FCGR3A"
4.454591238276e-170,5.90079827030844,0.375,0.005,1.4583440795868e-165,"5","CKB"
1.09421567343333e-142,3.21263327052969,0.981,0.177,3.58224327168602e-138,"5","IFITM3"
3.31571641061757e-137,4.0642100846027,0.525,0.032,1.08549923850798e-132,"5","LILRA3"
2.66402025016081e-132,3.46661702344572,0.719,0.079,8.72146949497646e-128,"5","PILRA"
4.67014688970244e-132,4.98760087771543,0.375,0.012,1.52891268875078e-127,"5","MS4A4A"
1.05403717856533e-127,3.47094956120808,0.662,0.067,3.45070691518719e-123,"5","LRRC25"
1.25147933676172e-125,3.83222180963996,0.475,0.028,4.09709305269052e-121,"5","CTSL"
9.98581253423005e-125,4.02813657402557,0.531,0.04,3.26915530745623e-120,"5","HMOX1"
1.21421208677378e-124,3.91067259091185,0.488,0.031,3.97508752968001e-120,"5","SIGLEC10"
2.6146734149719e-123,3.22099231599682,1,0.315,8.55991782593502e-119,"5","LST1"
3.05364579849175e-123,3.60567761179971,0.5,0.033,9.99702561510228e-119,"5","LILRB1"
6.83896488954706e-121,3.1978296397611,0.85,0.145,2.23894032553992e-116,"5","RHOC"
6.73704987638596e-120,3.1148100463782,0.775,0.11,2.20557538853124e-115,"5","HCK"
9.6607894534376e-119,3.70329367280799,0.531,0.042,3.1627492512664e-114,"5","CSF1R"
9.48647154735506e-118,2.84187904483113,0.944,0.202,3.1056810551731e-113,"5","SERPINA1"
1.01887871101678e-117,2.93061891637716,1,0.317,3.33560512412675e-113,"5","FCER1G"
1.60367672079029e-113,2.87536666275711,1,0.334,5.25011684852325e-109,"5","AIF1"
5.93684697309136e-113,2.52950664402522,0.919,0.178,1.94360496205065e-108,"5","CD68"
8.11238141391659e-112,2.54192437672085,0.944,0.184,2.65583142728801e-107,"5","CFD"
1.29312155634102e-108,2.69018286093137,0.875,0.171,4.23342135114924e-104,"5","SPI1"
1.58553168282843e-106,2.87732478037543,0.787,0.126,5.19071362324373e-102,"5","IFI30"
6.62735681038735e-105,2.95136928098994,0.669,0.084,2.16966407258461e-100,"5","LILRA5"
2.15505797765566e-101,3.18113530238581,0.594,0.068,7.05522880724909e-97,"5","LILRB2"
1.52891327324987e-100,4.67634205978479,0.294,0.01,5.00535627396543e-96,"5","BATF3"
2.36443852339229e-94,2.60796923678744,0.581,0.068,7.74069883788167e-90,"5","C5AR1"
6.58020706935541e-94,3.69477625044394,0.4,0.029,2.15422819036557e-89,"5","CXCL16"
1.21101901593894e-93,2.64812287679496,0.887,0.203,3.9646340543809e-89,"5","STXBP2"
7.63346848313802e-93,2.90334457435957,0.675,0.101,2.49904491200972e-88,"5","WARS"
1.251412639807e-91,2.3282829397192,0.575,0.067,4.09687470020016e-87,"5","MAFB"
6.66217064282179e-89,3.10935820018408,0.5,0.053,2.181061425047e-84,"5","TESC"
3.1748228528356e-88,2.39679415882881,1,0.606,1.03937350556132e-83,"5","COTL1"
1.17954592398333e-86,2.63196080319907,0.925,0.285,3.86159744593664e-82,"5","CEBPB"
3.13333956663581e-86,3.79426507929403,0.356,0.024,1.02579270732523e-81,"5","TPPP3"
4.15355632713665e-86,3.2247099489242,0.525,0.061,1.359791270378e-81,"5","SLC31A2"
3.70221663296897e-84,2.74436354157269,0.912,0.291,1.21203168130138e-79,"5","TIMP1"
1.09081855093801e-82,2.27770682705561,1,0.69,3.57112177206085e-78,"5","IFITM2"
4.8064735371342e-81,2.28088373193294,1,0.565,1.57354330658699e-76,"5","SAT1"
1.74958819989078e-80,2.74793481983909,0.738,0.141,5.72780184880244e-76,"5","ABI3"
3.80121609833927e-80,4.39262215846793,0.288,0.015,1.24444212627431e-75,"5","CTD-2006K23.1"
1.22288118170873e-79,2.47930628030427,0.775,0.17,4.00346841267805e-75,"5","BID"
1.36262819972221e-79,2.54126765612912,0.556,0.075,4.46097220025058e-75,"5","C19orf38"
2.26021513122116e-79,2.0735692104876,1,0.478,7.39949229659183e-75,"5","PSAP"
2.53191781954527e-79,2.14002123174031,1,0.989,8.28899255762732e-75,"5","FTH1"
2.22382018530092e-77,2.39807293800543,0.681,0.122,7.28034252263815e-73,"5","LYN"
6.61394900963238e-77,2.23506814724285,0.787,0.167,2.16527462677345e-72,"5","BRI3"
1.46948720925339e-76,2.19251215777113,1,0.492,4.81080722565374e-72,"5","CTSS"
2.41959352026497e-76,2.11255678286771,0.8,0.17,7.92126526664347e-72,"5","CFP"
1.87793795343507e-75,3.16962340173365,0.4,0.039,6.14799327195572e-71,"5","CAMK1"
2.10446908957733e-75,2.0723228678222,0.988,0.497,6.88961090545827e-71,"5","S100A11"
9.3501223273157e-74,1.9633133814925,1,0.359,3.06104304751662e-69,"5","CST3"
2.03898989225428e-73,3.69626191589319,0.281,0.017,6.67524510926205e-69,"5","TCF7L2"
2.78644508577202e-73,1.77385635904407,0.975,0.308,9.12226392180045e-69,"5","TYMP"
5.15760150803358e-70,3.23292821577526,0.444,0.054,1.68849558170003e-65,"5","FAM110A"
1.77517505498446e-69,2.03071422495431,1,0.989,5.81156809500813e-65,"5","FTL"
6.06960036212397e-69,1.82060662941281,1,0.359,1.98706576655215e-64,"5","TYROBP"
8.99175796886207e-68,1.95461586302293,0.581,0.097,2.94372172384606e-63,"5","FGL2"
1.43240823649075e-67,1.77717158627862,0.969,0.383,4.68941808462341e-63,"5","NPC2"
2.50033233909178e-67,3.08365467659217,0.331,0.028,8.18558801171865e-63,"5","PTP4A3"
3.78538088166864e-67,2.84013071274691,0.381,0.04,1.23925799304068e-62,"5","CD300LF"
5.67561968712602e-66,2.36049212318254,0.569,0.097,1.85808437317132e-61,"5","APOBEC3A"
2.78731652012895e-65,1.40218817796556,1,0.906,9.12511682359815e-61,"5","OAZ1"
1.75954692274835e-64,2.11883320480299,0.769,0.18,5.76040471569354e-60,"5","FGR"
2.07558689474126e-63,2.07371212173331,0.456,0.061,6.79505637600394e-59,"5","FCGR2A"
2.60632326569541e-63,2.07669150883813,0.769,0.195,8.53258110723362e-59,"5","FAM26F"
3.41695470231088e-63,2.31400985140208,0.637,0.132,1.11864263044253e-58,"5","HSBP1"
4.4088733834556e-62,1.82595335489491,0.613,0.113,1.4433769682757e-57,"5","TNFRSF1B"
1.46426787109542e-61,2.31230419829871,0.5,0.076,4.79372015639219e-57,"5","UNC119"
3.64084856728594e-61,2.3304126353174,0.619,0.126,1.19194100395807e-56,"5","NINJ1"
4.8631093619745e-61,2.05818972549841,0.588,0.108,1.59208474292321e-56,"5","SLC7A7"
1.07457718374715e-60,1.77677312529697,0.613,0.117,3.5179507841514e-56,"5","CDA"
2.13231296679486e-60,1.51941924328442,1,0.801,6.98076619069301e-56,"5","S100A4"
3.43975517683601e-59,3.35333786196863,0.281,0.023,1.12610704979257e-54,"5","EMR2"
9.98039714267173e-59,2.49967798465438,0.394,0.048,3.26738241656787e-54,"5","AP2A1"
2.12207524409608e-58,1.60049869880168,0.994,0.444,6.94724993412175e-54,"5","LGALS1"
2.99966745087858e-56,2.55726054686341,0.481,0.079,9.82031130068629e-52,"5","CPPED1"
5.90976417923063e-56,2.78741708633428,0.319,0.033,1.93473859699652e-51,"5","FAM49A"
1.12356228190316e-55,2.00121811248593,0.531,0.094,3.67831819849457e-51,"5","PLAUR"
2.71178393972008e-55,1.00008948193474,0.994,0.993,8.87783826185561e-51,"5","ACTB"
3.13980070123523e-55,1.27491651126041,1,0.805,1.02790795357039e-50,"5","ARPC3"
3.8986040516233e-55,2.60133657481668,0.369,0.046,1.27632499442044e-50,"5","CUX1"
1.55296592235551e-54,2.32445082723838,0.5,0.088,5.08409983660747e-50,"5","ADA"
1.13016295428735e-53,2.63163440858399,0.362,0.046,3.69992747974594e-49,"5","GPBAR1"
3.0139206494966e-53,2.28876627181524,0.438,0.068,9.86697342232198e-49,"5","SLC11A1"
2.37794310485363e-52,0.671643486750989,1,1,7.78491013666981e-48,"5","TMSB4X"
1.71318782756761e-51,1.97742787148661,0.644,0.151,5.60863430989083e-47,"5","NAAA"
6.75493978104534e-51,2.0174314654561,0.519,0.099,2.21143218551862e-46,"5","LYST"
9.32448804439368e-51,2.08560915645761,0.531,0.104,3.0526508959736e-46,"5","RHOB"
1.06996890728098e-50,2.4717395835618,0.344,0.044,3.50286420865646e-46,"5","CD300E"
1.73738817352889e-50,1.13405076519503,0.994,0.806,5.68786140249889e-46,"5","YBX1"
1.92380803816491e-50,2.16516524373249,0.506,0.094,6.29816275534428e-46,"5","MAPKAPK3"
1.03999384827627e-49,1.81390391210739,0.9,0.337,3.40473186048686e-45,"5","PYCARD"
1.32990485876836e-49,1.88797601655299,0.762,0.24,4.35384252663585e-45,"5","CASP1"
1.43872162089462e-49,2.30200465656555,0.488,0.092,4.71008684248481e-45,"5","TBXAS1"
7.21434411158944e-49,1.89746391170689,0.806,0.276,2.36183197525215e-44,"5","ANXA5"
1.17859928578943e-48,1.72691102330657,0.794,0.254,3.85849834181744e-44,"5","CARD16"
1.62839523363122e-48,2.17996677722884,0.444,0.077,5.33104031586187e-44,"5","ADRBK1"
2.31100501953893e-48,2.73815514322256,0.288,0.031,7.56576823296654e-44,"5","SLC2A6"
3.96571638145435e-48,2.05397256342337,0.7,0.217,1.29829622896052e-43,"5","ASAH1"
6.53915690906619e-48,1.70318625484507,0.775,0.243,2.14078918889009e-43,"5","VASP"
1.40217124814714e-47,1.99048790012094,0.469,0.086,4.59042823218412e-43,"5","MPEG1"
3.0643136258836e-47,1.28612377074661,0.988,0.77,1.00319499484177e-42,"5","S100A6"
3.06888521196161e-47,2.64876889227425,0.288,0.032,1.00469164069199e-42,"5","CD300C"
4.52328635301116e-47,1.61423082733957,0.856,0.319,1.48083348624879e-42,"5","TKT"
1.06870881903956e-46,2.35819234153405,0.362,0.054,3.4987389317717e-42,"5","SLC16A3"
1.1595537042803e-46,3.13805046889702,0.312,0.04,3.79614691707286e-42,"5","RXRA"
1.4464735993698e-46,1.42460214661009,0.969,0.619,4.73546526961686e-42,"5","NEAT1"
1.54155636398603e-46,2.0977228610033,0.438,0.076,5.04674722441745e-42,"5","TCIRG1"
1.66150479735226e-46,1.67213257186744,0.519,0.109,5.43943440557181e-42,"5","STX11"
3.73105497750164e-46,1.77385990390445,0.781,0.245,1.22147277853449e-41,"5","RGS2"
1.33715851914132e-45,1.59262113915983,0.906,0.437,4.37758955996485e-41,"5","FKBP1A"
2.24590768327139e-45,1.32883061514583,0.975,0.462,7.35265257349389e-41,"5","HLA-DPA1"
2.8062007954304e-45,1.43434593719098,0.9,0.358,9.18694016408006e-41,"5","RHOG"
2.12026977207861e-44,2.78528267224278,0.306,0.04,6.94133917983096e-40,"5","CD86"
6.47554311085849e-43,1.5285818228517,0.85,0.342,2.11996330363285e-38,"5","C10orf54"
1.23308186395972e-42,1.79653457960747,0.731,0.238,4.03686340623133e-38,"5","CTSC"
1.39692910850529e-42,1.29750862040554,0.963,0.649,4.57326651542461e-38,"5","LY6E"
1.69899556534017e-42,2.00881099469978,0.388,0.066,5.56217168181064e-38,"5","UNC93B1"
2.58886598018744e-42,1.3922452647272,0.906,0.407,8.47542944593764e-38,"5","ANXA2"
3.48773652453683e-42,1.48202822696663,0.606,0.159,1.14181518340287e-37,"5","BLVRA"
8.10789865625263e-42,1.86285428339845,0.444,0.086,2.65436386208399e-37,"5","CYBB"
1.06391071217222e-41,1.764235383386,0.469,0.094,3.4830308895094e-37,"5","LYL1"
1.28950068196471e-41,2.34577926906873,0.344,0.053,4.22156733261606e-37,"5","INSIG1"
1.87957430314766e-41,2.19956726382567,0.4,0.072,6.1533503536448e-37,"5","NAMPT"
1.93525646125166e-41,1.50305858320667,0.931,0.44,6.33564260284568e-37,"5","PRELID1"
2.99279031387648e-41,0.99984784682804,1,0.843,9.79779692956883e-37,"5","MYL6"
5.97921061263427e-41,1.96664117003154,0.694,0.216,1.95747397036421e-36,"5","HN1"
6.02260640588484e-41,2.54185417329085,0.294,0.04,1.97168088515858e-36,"5","ARHGEF40"
6.92168494324366e-41,2.67478262641003,0.256,0.03,2.26602121671911e-36,"5","ARRB1"
7.51628783691674e-41,2.00427853256545,0.656,0.188,2.4606823120498e-36,"5","TNFSF10"
5.0282239528542e-40,1.52688076423157,0.706,0.229,1.64613995768541e-35,"5","ARRB2"
8.20953606402516e-40,1.71001905161833,0.519,0.121,2.68763791664056e-35,"5","SPN"
2.16821675216744e-39,1.78777453969185,0.769,0.288,7.09830800324578e-35,"5","MT2A"
2.42995443843187e-39,1.20486241358003,0.963,0.575,7.95518484053827e-35,"5","SRGN"
2.51543629295128e-39,0.829663479158938,0.994,0.942,8.23503533586391e-35,"5","PFN1"
8.1687522664441e-39,1.74467190729012,0.825,0.341,2.67428611698847e-34,"5","CSTB"
1.03803879817158e-38,1.63745595242336,0.6,0.169,3.39833141745412e-34,"5","OAS1"
2.58038350665615e-38,1.41461418611151,0.581,0.15,8.44765952409091e-34,"5","NCF2"
3.0244926942893e-38,2.97651864894672,0.269,0.036,9.9015841825643e-34,"5","RELT"
3.58291219422856e-38,1.32257514656235,0.55,0.137,1.17297379414654e-33,"5","TNFSF13B"
7.90465911400959e-38,2.34950439084074,0.325,0.052,2.58782730074446e-33,"5","CLEC7A"
1.36719740691748e-37,1.57127991896453,0.744,0.266,4.47593087076644e-33,"5","PTPN6"
1.90443097123938e-37,2.32552188441823,0.25,0.031,6.23472611364348e-33,"5","LILRA2"
2.39864714575976e-37,1.76055900164531,0.537,0.139,7.85269102578829e-33,"5","OAZ2"
2.85630053407434e-37,1.82674279492611,0.6,0.177,9.35095668845257e-33,"5","SOD2"
2.90968898632183e-37,0.974717910507124,0.994,0.79,9.52573980342042e-33,"5","ARPC2"
3.16550884066152e-37,1.90433831299635,0.481,0.113,1.03632428425577e-32,"5","VMP1"
3.5128230591847e-37,1.99032732252046,0.325,0.053,1.15002801311589e-32,"5","PRAM1"
5.4392579702668e-37,1.94538541452625,0.537,0.136,1.78070427430594e-32,"5","POU2F2"
1.38289283811126e-36,1.28184837713123,0.894,0.419,4.52731457340865e-32,"5","ISG15"
2.5182223734653e-36,1.73729260296886,0.45,0.099,8.24415640625071e-32,"5","KLF4"
5.72214448001646e-36,1.39818250510289,0.887,0.439,1.87331565986779e-31,"5","DRAP1"
6.19542898728884e-36,0.981089002052118,1,0.837,2.02825954185862e-31,"5","CYBA"
1.20942409411578e-35,2.28396989330676,0.269,0.038,3.95941259931624e-31,"5","LILRB4"
1.2196583088348e-35,1.03521504718803,0.956,0.428,3.99291737146337e-31,"5","HLA-DRB1"
2.93751039749063e-35,1.87828174970912,0.381,0.075,9.61682153930484e-31,"5","DUSP6"
4.80870079541614e-35,1.16624476261406,0.931,0.461,1.57427246640334e-30,"5","GABARAP"
1.09637342191267e-34,1.42285006980547,0.681,0.218,3.5893073086577e-30,"5","LGALS3"
1.24831768459096e-34,1.50279042543229,0.65,0.197,4.08674243581389e-30,"5","CHCHD10"
1.36366788093361e-34,2.16200838835777,0.275,0.041,4.46437590860046e-30,"5","SEC14L1"
1.74316368117131e-34,1.30175104282644,0.731,0.268,5.70676925941865e-30,"5","FCN1"
1.90641690817124e-34,2.1094883155287,0.269,0.039,6.241227673971e-30,"5","PAK1"
2.54647802527678e-34,0.899722891661701,0.988,0.732,8.33665975915111e-30,"5","ARPC1B"
6.45263127506767e-34,1.32952489725983,0.569,0.155,2.11246242683166e-29,"5","RNF130"
2.56274757761019e-33,1.05502068739554,0.838,0.32,8.38992301958023e-29,"5","HLA-DRB5"
4.8381120273363e-33,1.32836464833315,0.9,0.518,1.58390111550936e-28,"5","CALM2"
5.2392413726659e-33,2.35923554956105,0.25,0.036,1.71522284058336e-28,"5","NAGA"
6.30110002447885e-33,1.70369535791581,0.344,0.066,2.06285412601389e-28,"5","BTK"
1.82414429459044e-32,1.79713589923451,0.525,0.142,5.97188359163019e-28,"5","ATP1B3"
2.21660354989787e-32,1.67532031396091,0.394,0.087,7.25671670165564e-28,"5","SMCO4"
4.81546669723402e-32,1.4591781287147,0.606,0.187,1.57648748734047e-27,"5","ATG3"
1.10683249727137e-31,1.43177502579129,0.506,0.135,3.62354822956701e-27,"5","IFNGR2"
1.24302879844011e-31,1.77304223395452,0.462,0.119,4.06942768033322e-27,"5","NFKBIZ"
1.57340577953559e-31,1.38463615745128,0.75,0.284,5.15101584104362e-27,"5","BLOC1S1"
2.52094128243387e-31,1.16716636171986,0.912,0.482,8.253057570432e-27,"5","TPI1"
3.06662477430201e-31,1.74875168156118,0.412,0.098,1.00395161861099e-26,"5","THEMIS2"
4.2519695241959e-31,1.38099560952775,0.844,0.36,1.39200978283125e-26,"5","C1orf162"
1.32295831130515e-30,1.91433347902363,0.256,0.04,4.33110091955079e-26,"5","RNF135"
2.59479081316162e-30,1.15474726590544,0.887,0.475,8.49482616412853e-26,"5","RNASET2"
3.00329669068053e-30,1.22040155362108,0.588,0.176,9.83219270594992e-26,"5","CTSB"
3.39745353369182e-30,1.66579634913805,0.525,0.153,1.11225833786003e-25,"5","LGALS9"
3.67083491359716e-30,1.4967339581259,0.806,0.324,1.20175793401344e-25,"5","AP2S1"
1.02240705684827e-29,2.93439385135563,0.256,0.042,3.34715622270986e-25,"5","OSCAR"
1.66642703406439e-29,0.961444776391933,0.988,0.718,5.45554882411999e-25,"5","EMP3"
1.84102953034763e-29,1.20076855635748,0.725,0.265,6.02716247645206e-25,"5","RBX1"
1.84531609034966e-29,1.65840154847868,0.394,0.089,6.0411958165867e-25,"5","RNF13"
1.87127982451601e-29,0.535570570476493,0.994,0.995,6.1261958895005e-25,"5","MT-CO1"
2.02373560229849e-29,1.31867494316273,0.7,0.272,6.62530561480479e-25,"5","PGLS"
2.68280892648005e-29,1.02824202057084,0.781,0.309,8.7829798635104e-25,"5","ATP6V0B"
7.99053952808468e-29,1.44409390815018,0.469,0.123,2.61594283070436e-24,"5","RNF149"
1.12787547338724e-28,1.9169229227676,0.331,0.069,3.69243872477515e-24,"5","MTSS1"
1.86414783885481e-28,2.0830552043736,0.319,0.066,6.10284719484286e-24,"5","SCIMP"
2.4964208705905e-28,1.7502272859005,0.312,0.063,8.1727826461392e-24,"5","NUDT16"
5.45795424756083e-28,1.47115710036009,0.444,0.116,1.78682506156646e-23,"5","SYNGR2"
5.72901668757259e-28,0.823932813929148,0.656,0.206,1.87556548317752e-23,"5","FCGRT"
6.94874170149913e-28,2.01965813319702,0.281,0.052,2.27487905823678e-23,"5","MPP1"
3.08431134650349e-27,1.25880755196338,0.669,0.245,1.00974184861831e-22,"5","RGS19"
3.18008236398787e-27,1.28855067074022,0.4,0.097,1.04109536432235e-22,"5","CPVL"
3.8582525233283e-27,1.47218569779157,0.431,0.113,1.26311471108722e-22,"5","MYD88"
5.10288598523979e-27,1.65195365406703,0.362,0.085,1.6705828138478e-22,"5","GRINA"
6.00844155944064e-27,1.45234949071547,0.369,0.086,1.96704359772968e-22,"5","ITGAL"
9.43824895033651e-27,1.55377110231788,0.375,0.092,3.08989394136117e-22,"5","IGSF6"
1.18233092599895e-26,2.78769017559971,0.312,0.066,3.87071498553535e-22,"5","CNIH4"
2.94856568261946e-26,1.44986769120195,0.406,0.103,9.6530143317596e-22,"5","PCGF5"
3.34782714236289e-26,1.38116863249332,0.394,0.098,1.09601164986676e-21,"5","NANS"
4.26662657403051e-26,1.18996186716779,0.694,0.268,1.39680820780611e-21,"5","GNG5"
4.90126993310932e-26,1.39205991061086,0.706,0.282,1.60457775070133e-21,"5","RNH1"
5.18134577795324e-26,1.35089225693257,0.412,0.111,1.69626898078633e-21,"5","C20orf27"
5.5488399381448e-26,2.02771264580587,0.262,0.05,1.81657921894985e-21,"5","HOTAIRM1"
7.14550659555887e-26,1.96709846425174,0.381,0.095,2.33929594925406e-21,"5","CTSZ"
1.0177208283212e-25,1.65244799119524,0.344,0.08,3.33181444775793e-21,"5","RAB24"
1.70180226853376e-25,0.827962242413404,0.725,0.27,5.57136026672583e-21,"5","AP1S2"
3.84581084129573e-25,2.11079468069112,0.369,0.091,1.2590415532234e-20,"5","SH3BP1"
4.69749123144549e-25,0.847314122112752,0.863,0.413,1.53786467935063e-20,"5","RAC1"
4.77686409063167e-25,1.53157178934426,0.494,0.155,1.563849765991e-20,"5","ZFAND5"
5.04295334014907e-25,1.52298136748167,0.362,0.091,1.650962064498e-20,"5","TGFBI"
6.74628712006641e-25,0.399701100370606,0.975,0.533,2.20859947736734e-20,"5","HLA-DRA"
1.5491745678897e-24,0.459578630458665,1,0.993,5.0716877003573e-20,"5","RPS19"
2.32687440634912e-24,1.21099240568931,0.606,0.213,7.61772143150574e-20,"5","PTP4A2"
1.12669374562617e-23,1.81895152492822,0.288,0.063,3.68856998443097e-19,"5","AGPAT2"
1.39627844732026e-23,1.37923040476322,0.494,0.153,4.57113638083707e-19,"5","ATP6V0D1"
1.50411103551088e-23,1.18337918117234,0.438,0.123,4.92415870805553e-19,"5","MAP2K3"
1.80280788878213e-23,0.916438265529294,0.875,0.559,5.90203246629493e-19,"5","NAP1L1"
2.01274082824511e-23,1.79379561040847,0.262,0.054,6.58931092350884e-19,"5","FAM46A"
3.52522069311189e-23,0.961722485034693,0.863,0.446,1.15408675051097e-18,"5","ITGB2"
6.64652273211067e-23,1.46698678294324,0.394,0.109,2.17593861203839e-18,"5","MNDA"
8.38663893032243e-23,1.66059476991213,0.306,0.072,2.74561785300896e-18,"5","DPEP2"
8.55351818369496e-23,1.23007230889653,0.444,0.132,2.80025078297806e-18,"5","RAB10"
1.12443301990534e-22,1.23903602452578,0.45,0.134,3.68116882056611e-18,"5","AGTRAP"
2.81155553346396e-22,1.30301755765733,0.394,0.11,9.20447050545432e-18,"5","CD300A"
3.21708689249758e-22,1.27217638218042,0.388,0.109,1.05320990686586e-17,"5","NAPRT1"
3.4756944491728e-22,1.84477549866646,0.444,0.138,1.13787284877019e-17,"5","EIF4E2"
6.81306710248428e-22,1.91183204056129,0.25,0.053,2.2304619080113e-17,"5","CD302"
7.56953021764658e-22,1.31000315598519,0.8,0.42,2.47811280265314e-17,"5","SH3BGRL"
7.78576705913177e-22,0.627279016568936,0.988,0.85,2.54890441981856e-17,"5","SH3BGRL3"
8.6580969081623e-22,0.425143809006743,0.944,0.491,2.83448776579417e-17,"5","HLA-DPB1"
9.20592546998923e-22,1.15739453250656,0.556,0.197,3.01383588036507e-17,"5","RAB8A"
1.06181630969727e-21,1.95151568204359,0.256,0.057,3.47617423468693e-17,"5","G0S2"
1.32899839393739e-21,1.62135309054984,0.3,0.072,4.35087494207222e-17,"5","IMPDH1"
1.89171243485889e-21,1.34751445675217,0.381,0.108,6.19308816924102e-17,"5","NAGK"
3.16092954989117e-21,1.19046809740047,0.3,0.072,1.03482511604337e-16,"5","RAB32"
3.43936307074661e-21,1.25195345509539,0.394,0.113,1.12597868210102e-16,"5","CAPNS1"
5.09660509259074e-21,1.56293499836822,0.575,0.213,1.66852657521236e-16,"5","MYO1G"
6.00535871223252e-21,0.963725126180233,0.781,0.36,1.96603433521068e-16,"5","H3F3A"
9.12103335765987e-21,1.45528042139807,0.275,0.064,2.98604390063069e-16,"5","CX3CR1"
9.5011726028394e-21,1.96284272888186,0.3,0.073,3.11049388671756e-16,"5","UTRN"
1.83045881507366e-20,1.47794712316232,0.294,0.071,5.99255606878816e-16,"5","SNAP29"
1.92342429754775e-20,0.688604128746696,0.925,0.685,6.29690646531183e-16,"5","GMFG"
2.00037422226597e-20,0.761366372464746,0.887,0.452,6.54882512885432e-16,"5","TSPO"
2.31477899781355e-20,1.15185792672164,0.675,0.29,7.57812348304201e-16,"5","ZNF706"
2.34435563758319e-20,1.07948296752048,0.512,0.172,7.67495148631984e-16,"5","COX17"
2.50572007847414e-20,1.7078243330878,0.256,0.058,8.20322639290865e-16,"5","C11orf21"
3.60564313506774e-20,1.42643303754055,0.294,0.072,1.18041544955848e-15,"5","ALOX5"
4.81108944570255e-20,1.6040521694706,0.319,0.086,1.5750544627341e-15,"5","ANXA4"
6.77026057371068e-20,0.917280682653579,0.531,0.19,2.2164479066214e-15,"5","CAPZA2"
8.88712580741925e-20,1.02593179189818,0.65,0.266,2.90946724683291e-15,"5","SUPT4H1"
8.94298354977861e-20,1.10428086530944,0.369,0.106,2.92775395452652e-15,"5","ODF3B"
1.18858614609331e-19,1.06519938867866,0.281,0.069,3.89119332508029e-15,"5","IFIT1"
1.63917688973054e-19,0.801470176921152,0.794,0.391,5.36633730159985e-15,"5","H2AFZ"
1.64433511857318e-19,0.63285442498698,0.994,0.971,5.38322431118489e-15,"5","NACA"
2.00337865340018e-19,1.35752558151354,0.5,0.174,6.55866103550152e-15,"5","EFHD2"
2.83313207972377e-19,1.36786113055321,0.5,0.171,9.27510780259967e-15,"5","POLE4"
3.04058962542531e-19,1.26330353127811,0.362,0.106,9.95428231571738e-15,"5","COMMD9"
3.43455929711902e-19,0.656328493961737,0.787,0.379,1.12440602269083e-14,"5","IFI6"
5.17350262335683e-19,1.19314552053117,0.762,0.411,1.69370128883456e-14,"5","TUBA1B"
6.23025799113195e-19,0.95387993622964,0.65,0.262,2.03966186113678e-14,"5","MSN"
6.52523673899851e-19,1.63989283407886,0.3,0.079,2.13623200361333e-14,"5","RNPEP"
7.38707843385352e-19,0.783882711330543,0.869,0.533,2.41838173767496e-14,"5","SERP1"
1.19778289737679e-18,1.07761045377703,0.469,0.159,3.92130164943214e-14,"5","SELPLG"
1.45374867989171e-18,0.981335677666351,0.706,0.326,4.75928242822946e-14,"5","POLD4"
1.57953246602902e-18,0.915321233733837,0.631,0.27,5.1710733872858e-14,"5","GSTO1"
1.93363557151082e-18,1.29617044666345,0.312,0.084,6.33033613401211e-14,"5","RIN3"
2.54098226761787e-18,0.540860261074952,0.994,0.847,8.31866774772739e-14,"5","SERF2"
2.83108253766887e-18,1.05118831950923,0.412,0.134,9.26839801182035e-14,"5","ZYX"
2.87552689537628e-18,0.939121490503238,0.762,0.358,9.41389995008288e-14,"5","PSMB3"
3.28979683287776e-18,0.923752382893629,0.856,0.499,1.07701368714752e-13,"5","LAMTOR4"
3.75903291433762e-18,0.902435730863796,0.613,0.259,1.23063219549585e-13,"5","LINC00936"
4.31168756754491e-18,1.23434653276379,0.425,0.142,1.41156027586285e-13,"5","C4orf48"
5.11638640161806e-18,0.754509710685536,0.881,0.547,1.67500258016172e-13,"5","RHOA"
5.90102989958752e-18,1.83838587682306,0.388,0.123,1.93187916852696e-13,"5","ACAA1"
5.9748301516429e-18,0.735332538146618,0.931,0.693,1.95603989504485e-13,"5","ALDOA"
8.73600592604951e-18,1.5173659226269,0.325,0.095,2.85999362007009e-13,"5","FPR1"
1.10756225506358e-17,1.45291057344028,0.275,0.073,3.62593731062716e-13,"5","FAM45A"
1.58809949245759e-17,0.466196684915942,0.994,0.911,5.19912011840766e-13,"5","CFL1"
1.68743892941536e-17,0.935488341609946,0.537,0.21,5.52433756711999e-13,"5","GNAI2"
1.87420431794566e-17,1.35686934481813,0.281,0.074,6.13577009609049e-13,"5","RALB"
1.97423486290894e-17,1.19419457303038,0.381,0.125,6.4632500941913e-13,"5","CAT"
2.25593381162369e-17,0.953225558676684,0.381,0.118,7.38547611249363e-13,"5","UBE2F"
2.47197523703141e-17,0.934860082832662,0.562,0.221,8.09275253099341e-13,"5","DOK2"
3.06313308084668e-17,0.800322644328378,0.45,0.152,1.00280850800758e-12,"5","PLEK"
3.09719392633559e-17,1.75636736200216,0.425,0.148,1.01395934760375e-12,"5","LSM6"
3.94819111354854e-17,1.00047607945552,0.856,0.506,1.29255880675352e-12,"5","ARPC5"
4.41827112364619e-17,0.833750146922198,0.713,0.335,1.44645360045929e-12,"5","LRRFIP1"
6.5561856227072e-17,1.41196866214054,0.35,0.109,2.14636404916188e-12,"5","EIF4EBP1"
7.19275291322866e-17,1.58309072106344,0.25,0.064,2.3547634487328e-12,"5","MTHFD2"
7.80852745065387e-17,1.23697020287888,0.406,0.14,2.55635571679507e-12,"5","MPC1"
1.13273648356261e-16,1.04256678796291,0.45,0.167,3.70835269988728e-12,"5","MARCKSL1"
1.60010312626654e-16,1.30875491189204,0.25,0.064,5.2384176147714e-12,"5","CD83"
1.76401560954574e-16,0.95758185394807,0.838,0.482,5.77503430253086e-12,"5","COX5B"
2.31631928790133e-16,0.871088033649084,0.425,0.148,7.58316608473138e-12,"5","IRF7"
2.42020896349378e-16,1.14266557457901,0.438,0.16,7.92328010468593e-12,"5","CHMP4B"
2.62912536660884e-16,1.08433739579491,0.456,0.169,8.60723062520401e-12,"5","CCT5"
2.80506915802076e-16,1.12333607863352,0.344,0.105,9.18323540952837e-12,"5","CBR1"
3.03060489067542e-16,1.29869631100029,0.25,0.065,9.9215942910932e-12,"5","LACTB"
3.68209797999653e-16,1.09468586452146,0.331,0.104,1.20544523669126e-11,"5","ATOX1"
4.02561266392568e-16,1.0797947687025,0.787,0.456,1.31790507391599e-11,"5","PGK1"
4.08211788801012e-16,0.875849642124683,0.456,0.166,1.33640375417675e-11,"5","UQCRC1"
4.43476505075246e-16,1.09257377913518,0.444,0.165,1.45185338231534e-11,"5","WSB1"
4.61958741969381e-16,0.855431928965827,0.669,0.308,1.51236052945936e-11,"5","SEC11A"
4.96510786894711e-16,1.3818231185134,0.481,0.188,1.62547701413591e-11,"5","CD55"
5.13486458845563e-16,1.39977669076969,0.456,0.165,1.68105196896861e-11,"5","EPSTI1"
5.27055464094094e-16,1.89892938702562,0.312,0.093,1.72547417835124e-11,"5","SNX5"
6.25374552945297e-16,0.782110728329882,0.469,0.174,2.04735121143231e-11,"5","DYNLT1"
6.38150658950333e-16,1.10631199155015,0.312,0.095,2.0891776272716e-11,"5","IFIT3"
7.19261512771503e-16,0.818863468192941,0.85,0.535,2.35471834051135e-11,"5","PSME2"
7.52047298642746e-16,1.04168436880005,0.419,0.147,2.46205244629662e-11,"5","LTA4H"
9.86815993225293e-16,0.805977895092129,0.713,0.354,3.23063819862096e-11,"5","GLRX"
1.1371353225285e-15,0.476337019079612,0.562,0.222,3.72275361889382e-11,"5","GRN"
1.29556016342469e-15,0.925485559139493,0.744,0.364,4.24140486301975e-11,"5","COX8A"
1.59478736416753e-15,0.766970968038667,0.75,0.392,5.22101487281165e-11,"5","CAP1"
1.79812931645709e-15,1.15755518468603,0.338,0.108,5.88671575621722e-11,"5","GLUL"
1.83743103630966e-15,1.36524356754337,0.256,0.07,6.01538172667056e-11,"5","PLEKHO1"
1.87986598761242e-15,1.05107145835395,0.425,0.155,6.15430527024554e-11,"5","CMTM6"
2.03080078927115e-15,0.930141549835945,0.831,0.499,6.64843562391589e-11,"5","PPP1CA"
2.08451759803342e-15,0.9480580654,0.419,0.152,6.82429371244183e-11,"5","SMS"
2.16386574556298e-15,0.987792047947574,0.462,0.179,7.08406367782407e-11,"5","ENY2"
2.76629420509192e-15,1.03104491366936,0.306,0.092,9.05629396862994e-11,"5","ARRDC1"
2.92758894006588e-15,1.07515387306518,0.338,0.108,9.58434067198769e-11,"5","MMP24-AS1"
3.23538409805058e-15,0.357019907713511,0.731,0.347,1.0592000460198e-10,"5","TALDO1"
3.36917504341998e-15,1.15179072255772,0.288,0.084,1.10300052571483e-10,"5","SNX10"
3.48094019158817e-15,0.963769376403689,0.506,0.199,1.13959019992214e-10,"5","RNF181"
3.59700146968873e-15,0.875140960222616,0.856,0.526,1.1775863411467e-10,"5","LSP1"
4.24189494231406e-15,0.950617091881869,0.5,0.207,1.38871156621478e-10,"5","VAMP5"
4.40610545787412e-15,0.621434847389823,0.5,0.194,1.44247080479883e-10,"5","FLNA"
4.46821645651156e-15,0.957388698291141,0.375,0.13,1.46280470353275e-10,"5","NUP214"
5.10429924762765e-15,0.698898970764034,0.512,0.195,1.67104548768834e-10,"5","SNX2"
5.79494685615827e-15,1.20405252827671,0.306,0.094,1.89714970176909e-10,"5","NCKAP1L"
6.29448923285645e-15,1.33268499272422,0.281,0.084,2.06068988505254e-10,"5","RABGAP1L"
7.10938955355454e-15,0.888839367070219,0.781,0.442,2.32747195204269e-10,"5","TUBA1A"
9.95473070535785e-15,0.625907243360505,0.938,0.623,3.25897973832005e-10,"5","S100A10"
1.03305408822006e-14,0.74637068508039,0.819,0.49,3.38201247401483e-10,"5","SLC25A5"
1.05642693643817e-14,1.29248852386989,0.256,0.072,3.45853050451127e-10,"5","NUDT3"
1.15871620352798e-14,0.778195075003818,0.787,0.469,3.79340510710992e-10,"5","TCEB2"
1.24344150987605e-14,1.05480648241294,0.613,0.278,4.0707788150322e-10,"5","H2AFY"
1.61850436492087e-14,0.917161192098146,0.519,0.219,5.29865958987794e-10,"5","MYO1F"
1.65125681165795e-14,1.29831053899392,0.262,0.075,5.40588455000579e-10,"5","VMA21"
1.77774274796165e-14,0.915467932879408,0.838,0.473,5.81997420827685e-10,"5","HIGD2A"
1.81176152124598e-14,0.80549969047797,0.744,0.385,5.9313448682551e-10,"5","ATP5B"
1.99476389750032e-14,0.726810063644893,0.894,0.566,6.53045804763654e-10,"5","PSMB9"
2.03173607570987e-14,1.04237026699867,0.45,0.18,6.65149756465898e-10,"5","MOB1A"
2.40036649869433e-14,1.1610315993106,0.488,0.205,7.8583198434255e-10,"5","M6PR"
2.45190929457282e-14,1.19580349984591,0.456,0.181,8.0270606485725e-10,"5","VPS29"
2.89651459295849e-14,1.03928108160593,0.4,0.146,9.48260947442751e-10,"5","TMEM179B"
3.29447185793115e-14,0.602954019232787,0.844,0.542,1.0785441968495e-09,"5","CAPZB"
4.17075442221822e-14,0.851432979619333,0.562,0.248,1.3654215827458e-09,"5","GNB2"
5.09555819153488e-14,1.28037131022489,0.55,0.244,1.66818384074469e-09,"5","REEP5"
5.90914967483279e-14,1.12673305132898,0.344,0.12,1.93453742054676e-09,"5","SCO2"
6.23683182875853e-14,0.611714437427538,0.438,0.165,2.04181400409897e-09,"5","IFI35"
6.39069083708254e-14,0.895841682300809,0.35,0.123,2.09218436624408e-09,"5","SCPEP1"
8.16082692541267e-14,0.932717398079433,0.519,0.226,2.6716915188416e-09,"5","SDCBP"
8.43095137940179e-14,1.1142860132088,0.462,0.182,2.76012486258856e-09,"5","LYSMD2"
9.09108212801578e-14,0.474206855521411,0.994,0.91,2.97623846706981e-09,"5","ARHGDIB"
9.22715251406279e-14,0.724023292304491,0.294,0.093,3.02078519005388e-09,"5","SRA1"
9.76646349032254e-14,0.546267426109197,0.819,0.444,3.19734481746179e-09,"5","SNX3"
1.00064743424894e-13,0.636478170863883,0.669,0.321,3.27591957024417e-09,"5","CYTIP"
1.00779380621229e-13,0.854267725560646,0.344,0.115,3.29931536277778e-09,"5","AKIRIN2"
1.03666286946848e-13,0.582889042475177,0.681,0.324,3.3938269020659e-09,"5","UBE2L6"
1.3816914011739e-13,0.575946657781935,0.919,0.628,4.5233813091631e-09,"5","CLIC1"
1.40823045891898e-13,1.11196270233361,0.306,0.099,4.61026487640897e-09,"5","TSPAN14"
1.56317619311765e-13,0.871497631185856,0.606,0.285,5.11752622102857e-09,"5","GDI2"
1.69052344313264e-13,0.639239929921021,0.869,0.557,5.53443564812764e-09,"5","COX6B1"
1.71845648188473e-13,0.903310282605288,0.488,0.203,5.62588283039423e-09,"5","CSK"
2.0325187768319e-13,1.04490732726927,0.794,0.455,6.65405997159226e-09,"5","TPM3"
2.15201030888505e-13,0.904119122401961,0.45,0.18,7.04525134922788e-09,"5","GBP2"
2.25517046988304e-13,0.659344099880253,0.488,0.205,7.38297708430309e-09,"5","CDKN2D"
3.32538709894288e-13,1.12348758363619,0.562,0.278,1.08866522845192e-08,"5","NOP10"
3.4558362610931e-13,0.988170661365605,0.637,0.285,1.13137167515666e-08,"5","BAX"
5.19546751795717e-13,0.853525222423227,0.4,0.151,1.70089215602882e-08,"5","APLP2"
5.62957139537921e-13,0.477050691937209,0.931,0.669,1.84300908341925e-08,"5","EIF4A1"
7.52661776529897e-13,0.922408628302321,0.356,0.13,2.46406412400358e-08,"5","SNAP23"
1.00340018302677e-12,0.738746781382524,0.419,0.162,3.28493151919305e-08,"5","CTSH"
1.05210258082577e-12,0.914730243885308,0.294,0.096,3.44437342910742e-08,"5","CECR1"
1.27872453470369e-12,1.11194172695973,0.288,0.096,4.18628838171295e-08,"5","KLF3"
1.32989085533773e-12,0.796267206878443,0.319,0.11,4.35379668220467e-08,"5","TREX1"
2.40020378712714e-12,0.944011543729094,0.35,0.129,7.85778715829682e-08,"5","PSMA4"
2.40327062715594e-12,0.784694379230567,0.462,0.191,7.86782737918313e-08,"5","GLIPR1"
2.93434902589187e-12,0.725234156284876,0.438,0.177,9.6064718409648e-08,"5","ACTR2"
3.32428980912339e-12,0.880054797378912,0.369,0.139,1.08830599771081e-07,"5","PARVG"
3.82146778896806e-12,1.0039771916637,0.294,0.103,1.25107212475236e-07,"5","UBE2J1"
4.12780753543261e-12,0.962000378942836,0.344,0.129,1.35136163094993e-07,"5","PTPN18"
4.60201917986371e-12,0.714547870039637,0.444,0.184,1.50660903910378e-07,"5","TGFB1"
5.01762145523916e-12,0.94541687307401,0.481,0.209,1.6426689120162e-07,"5","CD97"
5.43329179502929e-12,0.825592645606798,0.375,0.143,1.77875106785669e-07,"5","POMP"
5.43524584094292e-12,0.70302714189537,0.481,0.207,1.77939078340789e-07,"5","LAMTOR2"
6.34332644581608e-12,0.649018005994772,0.512,0.225,2.07667821183127e-07,"5","CTSD"
6.34727579008958e-12,1.12521943011558,0.25,0.078,2.07797114815953e-07,"5","DNASE2"
6.44735184283016e-12,0.827086734531161,0.319,0.112,2.11073404630574e-07,"5","GNG2"
8.23740999123894e-12,1.00694601984236,0.269,0.089,2.6967632829318e-07,"5","ATP2B1"
8.82158130193713e-12,0.781875803083784,0.344,0.129,2.88800928662818e-07,"5","SH3GLB1"
9.65162547304678e-12,0.850204529844175,0.331,0.121,3.15974914736606e-07,"5","ETFA"
9.79049267009406e-12,0.622781337923594,0.562,0.262,3.20521149033539e-07,"5","LAMTOR5"
1.10393753370105e-11,1.03364394304125,0.281,0.096,3.61407069783051e-07,"5","IL10RB"
1.16201053998574e-11,0.556743130128016,0.675,0.334,3.80419010580531e-07,"5","PRDX5"
1.19883487244564e-11,0.901627801003061,0.462,0.209,3.92474560541254e-07,"5","LAPTM4A"
1.57046141245045e-11,0.922477962571052,0.344,0.131,5.14137657208029e-07,"5","GNAI3"
1.63603394449255e-11,0.434708091980593,0.969,0.824,5.35604792747971e-07,"5","SLC25A6"
1.64044059006676e-11,0.94372278641572,0.281,0.098,5.37047440376057e-07,"5","POLR3K"
1.64332320381013e-11,0.674776853170968,0.631,0.305,5.37991150463362e-07,"5","ATP5J2"
1.8635498230555e-11,0.679412606933339,0.512,0.225,6.10088941071911e-07,"5","DBNL"
3.62021363642132e-11,0.540768589273942,0.556,0.261,1.18518554029161e-06,"5","CNPY3"
3.77445407016285e-11,1.07032645435424,0.3,0.111,1.23568077348991e-06,"5","PKN1"
4.11190094781923e-11,0.603794086902531,0.625,0.308,1.34615413229706e-06,"5","EVI2B"
4.30226264422774e-11,0.696893657230162,0.312,0.111,1.40847474446728e-06,"5","ARPC1A"
4.60393766812094e-11,0.774473499340157,0.731,0.444,1.50723711378943e-06,"5","NDUFA13"
4.85869039743739e-11,1.03017094703211,0.25,0.083,1.59063806231305e-06,"5","TNFRSF1A"
4.86564084239956e-11,1.00097439775824,0.25,0.083,1.59291349898477e-06,"5","ACO2"
5.07822179627639e-11,0.906049191980453,0.275,0.095,1.66250825166497e-06,"5","PFKL"
5.5437556672974e-11,0.680375198626732,0.469,0.205,1.81491473035982e-06,"5","WAS"
5.72004203127094e-11,1.0083272676698,0.3,0.111,1.87262736019748e-06,"5","DEDD2"
6.0857598207943e-11,0.553989160269396,0.819,0.481,1.99235605013164e-06,"5","ARL6IP4"
6.69126479237467e-11,0.382687444979486,0.481,0.208,2.19058626772762e-06,"5","CEBPD"
7.26472824893424e-11,0.54518618206713,0.637,0.337,2.37832673413609e-06,"5","COX5A"
9.09709287293854e-11,1.11091174226495,0.419,0.178,2.97820626474262e-06,"5","ATP1A1"
9.37503075232674e-11,1.4261605747191,0.481,0.227,3.06919756769673e-06,"5","RTN4"
9.40809169019957e-11,1.185773909372,0.294,0.107,3.08002105753754e-06,"5","MLX"
9.47107708992972e-11,0.738501451214504,0.281,0.1,3.10064121770119e-06,"5","TXNDC17"
9.49860717203619e-11,0.743124212421734,0.688,0.368,3.10965401598121e-06,"5","HCLS1"
1.01667108491836e-10,0.752709062331676,0.4,0.167,3.32837779780573e-06,"5","C7orf73"
1.05578993915448e-10,0.859485048041404,0.444,0.199,3.45644510280394e-06,"5","VDAC1"
1.20300769828223e-10,0.653003319029486,0.831,0.535,3.93840660263637e-06,"5","BRK1"
1.42845577269889e-10,0.811553575594039,0.388,0.163,4.67647850866162e-06,"5","SPG21"
1.52248982166099e-10,0.763890113818291,0.306,0.114,4.98432717815375e-06,"5","MTHFS"
1.72217099650189e-10,0.83805874610568,0.306,0.115,5.63804340834787e-06,"5","RTN3"
2.13722271818218e-10,0.365602565797518,0.944,0.684,6.99683973478483e-06,"5","CD48"
2.18874247391868e-10,0.582301738809159,0.65,0.345,7.16550511111497e-06,"5","RAP1B"
2.4249660410932e-10,0.373249015988302,0.662,0.322,7.93885382533091e-06,"5","CSNK2B"
2.49722933730786e-10,1.28311165072544,0.338,0.133,8.17542940447848e-06,"5","PMVK"
2.91728504739492e-10,1.0085352437267,0.412,0.179,9.55060778816147e-06,"5","PPT1"
2.92744262824244e-10,1.52253714811558,0.394,0.17,9.5838616763401e-06,"5","IDH2"
3.02332549646407e-10,0.733329363264221,0.369,0.148,9.89776301032408e-06,"5","C7orf50"
3.27279978536529e-10,0.545500867310511,0.762,0.467,1.07144919373289e-05,"5","PRR13"
3.30151457247578e-10,0.695053216286197,0.462,0.21,1.08084984073712e-05,"5","EIF6"
3.33182166367697e-10,0.480293087830237,0.419,0.176,1.09077177625457e-05,"5","RILPL2"
4.45597153707012e-10,1.00119106191811,0.256,0.092,1.45879596180602e-05,"5","MRPL27"
4.71639918257512e-10,0.842014468712323,0.362,0.153,1.54405476439144e-05,"5","SHKBP1"
4.89607690061656e-10,0.466614623008105,0.681,0.353,1.60287765572385e-05,"5","ATP6V1F"
4.93334278635609e-10,0.919184470160186,0.288,0.108,1.61507776139726e-05,"5","GNB1"
4.97292234517913e-10,0.691450877139666,0.562,0.275,1.62803531736474e-05,"5","CLTA"
5.2428209800869e-10,0.505765973593255,0.6,0.291,1.71639473246085e-05,"5","C20orf24"
5.63815264663282e-10,0.714850848296643,0.288,0.106,1.84581841345465e-05,"5","SLIRP"
5.86400107950325e-10,1.24997109337089,0.438,0.199,1.91975667340777e-05,"5","NDUFB5"
5.96217841644478e-10,0.481498229283977,0.331,0.132,1.95189796997569e-05,"5","NCOA4"
6.59078747068332e-10,1.23100669197946,0.262,0.097,2.15769200215231e-05,"5","MIDN"
6.68761516495953e-10,0.427677757737031,0.95,0.801,2.18939145270445e-05,"5","PPDPF"
6.97874837735006e-10,0.81698367753785,0.512,0.247,2.28470264377686e-05,"5","WDR1"
7.70576762425392e-10,1.03875949905038,0.562,0.289,2.52271420482825e-05,"5","PRDX1"
8.49488678156915e-10,0.760822798238071,0.381,0.163,2.78105603455011e-05,"5","ERP44"
9.65483954749573e-10,0.525198025251142,0.581,0.3,3.16080137105915e-05,"5","CASP4"
1.04962718377675e-09,0.532614505244035,0.456,0.207,3.43626947424833e-05,"5","FMNL1"
1.32146755810523e-09,0.668765168864401,0.481,0.221,4.3262204917249e-05,"5","PGAM1"
1.43689529566269e-09,0.5814442734839,0.256,0.092,4.70410781894053e-05,"5","CTNNBL1"
1.58354133862202e-09,0.808720075569395,0.319,0.13,5.18419763438078e-05,"5","PLSCR1"
1.61878212904073e-09,1.07572907296625,0.269,0.101,5.29956893405356e-05,"5","TIMM8B"
1.9071059065858e-09,0.540401581303676,0.869,0.544,6.2434833169806e-05,"5","PSMA7"
1.9389919992613e-09,0.862680563057473,0.537,0.266,6.34787200718164e-05,"5","RAB5C"
1.95711166814445e-09,0.566670367654259,0.975,0.906,6.40719217917131e-05,"5","MT-CO2"
2.00056289566705e-09,1.6444954044623,0.3,0.12,6.54944280783478e-05,"5","GCA"
2.1210968031525e-09,0.564275583319815,0.419,0.182,6.94404671416065e-05,"5","WASF2"
2.20333691156107e-09,0.472318154198804,0.356,0.149,7.21328438106863e-05,"5","SMAP2"
2.31864407813146e-09,0.620046380928293,0.456,0.207,7.59077698298676e-05,"5","TNFRSF14"
2.40093241121954e-09,0.842119500138698,0.3,0.12,7.86017252785054e-05,"5","MTPN"
3.02496346775952e-09,0.525898176810893,0.45,0.212,9.90312540075111e-05,"5","RER1"
3.05629134499002e-09,0.621408659252674,0.381,0.162,0.000100056866052283,"5","PSMC3"
3.86229277230243e-09,0.737549019555663,0.35,0.151,0.000126443740779637,"5","TXN2"
4.04086235803817e-09,0.793711324359413,0.269,0.102,0.000132289751877454,"5","PLIN2"
4.19788439698058e-09,0.501410546877923,0.419,0.186,0.00013743033938835,"5","IDH3G"
4.48608143745471e-09,0.61321345843833,0.431,0.198,0.000146865334099392,"5","LSM10"
4.63075386131467e-09,0.819021371414026,0.275,0.107,0.00015160161991172,"5","CD4"
4.94341576761137e-09,0.452350126184265,0.762,0.426,0.000161837545400061,"5","C11orf31"
5.17179562803501e-09,0.426065864286243,0.981,0.795,0.00016931424527061,"5","CORO1A"
6.54985968663532e-09,0.363833476771847,0.356,0.154,0.000214429306421067,"5","CORO1B"
6.83346972644295e-09,0.691128474664925,0.325,0.135,0.000223714131904289,"5","STX10"
7.53214288828962e-09,0.698048674364137,0.294,0.117,0.000246587293876825,"5","TMEM134"
8.04024543386104e-09,0.526896720908125,0.619,0.329,0.000263221555013743,"5","WDR83OS"
8.40030657671897e-09,0.830219163316179,0.256,0.098,0.000275009236708626,"5","MSRB1"
8.40396139347289e-09,0.553642895912475,0.55,0.273,0.000275128888099516,"5","MRPL23"
8.42109039453327e-09,0.529280523279257,0.362,0.155,0.00027568965733623,"5","MIR142"
8.59030333688274e-09,0.746952688292781,0.519,0.267,0.000281229350642867,"5","ABRACL"
8.83878502920264e-09,1.25225255260443,0.362,0.161,0.000289364144286036,"5","ZNHIT3"
9.97607511897356e-09,0.536836554207181,0.262,0.1,0.000326596747244956,"5","TMEM141"
1.12600558973064e-08,0.523945733356391,0.819,0.507,0.000368631709966016,"5","SLC25A3"
1.17489683757316e-08,0.783399566913061,0.362,0.163,0.000384637726684702,"5","NMI"
1.24390075592604e-08,0.937541186815853,0.269,0.105,0.000407228229475066,"5","ERICH1"
1.28726219819092e-08,0.535110315843448,0.331,0.14,0.000421423898443744,"5","CTSA"
1.39134620109669e-08,0.638207204903789,0.55,0.276,0.000455498919315035,"5","SELK"
1.55115729121976e-08,0.559584296591377,0.475,0.228,0.000507817873999524,"5","SAMHD1"
1.61596769308069e-08,0.868431524275594,0.369,0.169,0.000529035503360755,"5","SSR3"
1.73796809876049e-08,0.70479068519723,0.394,0.181,0.000568975996172209,"5","SERPINB6"
1.77505989060559e-08,0.916365476243143,0.312,0.132,0.000581119106986458,"5","YWHAE"
1.8238186101272e-08,0.547936850627069,0.375,0.164,0.000597081736583443,"5","POLR2F"
1.83338085796199e-08,0.56213952973596,0.35,0.153,0.000600212225279596,"5","ZFAND6"
1.94012795194051e-08,0.766479633496205,0.262,0.104,0.000635159088906284,"5","MX2"
1.96433930180245e-08,0.714164630830946,0.494,0.253,0.000643085400624086,"5","SRI"
2.06481151149694e-08,0.277552109609393,1,0.983,0.000675977992633867,"5","EIF1"
2.11936313070321e-08,0.537360009272329,0.544,0.272,0.000693837101729618,"5","UQCRFS1"
2.1941504042557e-08,0.61261063265071,0.306,0.13,0.00071832095934523,"5","NDUFB3"
2.31196511926457e-08,0.589511631346075,0.262,0.105,0.000756891140744835,"5","MTIF3"
2.62315018209655e-08,0.877757335921481,0.25,0.098,0.00085876690661477,"5","NR4A1"
2.68998741893745e-08,0.560785091406619,0.569,0.294,0.000880648081211743,"5","ATP5C1"
3.10478394206504e-08,0.271608826006256,0.55,0.272,0.00101644416695325,"5","ARHGDIA"
3.37406825671094e-08,0.556385557259849,0.375,0.168,0.00110460246588203,"5","PSMB4"
3.53474012245377e-08,0.644040175904217,0.388,0.178,0.00115720322128891,"5","PPCS"
3.67585593624511e-08,0.770343850456112,0.35,0.157,0.00120340171640792,"5","SYTL1"
3.68042731613858e-08,1.06962470569381,0.281,0.115,0.00120489829475745,"5","STX7"
3.90266009031708e-08,1.08699490523398,0.475,0.233,0.00127765286036801,"5","CCDC12"
3.96809549020823e-08,0.539483785317451,0.544,0.267,0.00129907510158437,"5","SP110"
4.03792384996346e-08,0.63655272808038,0.706,0.414,0.00132193551000104,"5","ATP5G3"
4.25099368709611e-08,0.41778116291472,0.588,0.324,0.00139169031328152,"5","DYNLL1"
4.43805124236259e-08,0.713555478594547,0.3,0.132,0.00145292921572466,"5","FAM32A"
4.51202942381105e-08,0.475159636515896,0.338,0.15,0.00147714819276726,"5","MRPL21"
4.72015174986859e-08,0.687199425447865,0.381,0.186,0.00154528327987198,"5","YWHAH"
4.78192782926679e-08,0.593733174374221,0.269,0.107,0.00156550753274536,"5","TANK"
5.10825622396862e-08,0.867890783240536,0.275,0.116,0.00167234092260285,"5","RAB18"
5.21918767118207e-08,0.649724409513226,0.644,0.37,0.00170865765979159,"5","LCP1"
5.24581642382705e-08,0.809534776579649,0.275,0.114,0.0017173753808325,"5","PDCL3"
5.26564012047842e-08,0.496913928792346,0.369,0.166,0.00172386526264222,"5","EMC7"
5.87337265290188e-08,1.34505375443244,0.3,0.13,0.00192282473910702,"5","PRKCB"
7.15886748226009e-08,0.413229091607642,0.95,0.74,0.00234367003634231,"5","ATP5E"
7.16158966180747e-08,1.00597717990256,0.394,0.182,0.00234456122348253,"5","MRPL18"
7.26374033158633e-08,0.54438894670617,0.581,0.323,0.00237800330975473,"5","SEPT9"
7.66900937006722e-08,0.666596199535345,0.275,0.113,0.00251068028757261,"5","UBE2A"
7.67776884441971e-08,0.645237298504147,0.25,0.099,0.00251354796428612,"5","TLE4"
8.13446027140623e-08,0.664240616258378,0.312,0.137,0.00266305960365297,"5","UPP1"
9.77053353456767e-08,0.466495129472863,0.281,0.115,0.00319867726854676,"5","ARHGAP4"
1.05370708651726e-07,0.753911844117735,0.344,0.161,0.00344962625984021,"5","FIBP"
1.10290034593118e-07,0.506290676172301,0.381,0.172,0.00361067515250951,"5","PSMD9"
1.11815505849207e-07,0.430595828541789,0.744,0.464,0.00366061603049134,"5","COX6A1"
1.23506406473645e-07,1.35822947007218,0.281,0.122,0.00404335273513421,"5","CYTH4"
1.31407596864716e-07,0.556581477270273,0.312,0.136,0.00430202190615706,"5","CHCHD5"
1.41251845264228e-07,0.615039284611886,0.262,0.108,0.00462430291026028,"5","ADK"
1.50596619545468e-07,0.730685993900869,0.275,0.117,0.00493023213067954,"5","AOAH"
1.71188799254021e-07,0.40439226197063,0.919,0.701,0.00560437890997814,"5","CHCHD2"
1.76473603495483e-07,0.707729498424322,0.544,0.292,0.00577739283123513,"5","TBCB"
1.77292727474317e-07,0.441983585799215,0.606,0.333,0.00580420931205418,"5","UQCR10"
1.77955916574328e-07,0.560852971614,0.656,0.384,0.00582592079681036,"5","COX7A2"
1.87836690677288e-07,0.631987886805732,0.45,0.226,0.00614939757939304,"5","ICAM2"
1.90532177451443e-07,0.256832071723934,0.988,0.921,0.00623764242540533,"5","PFDN5"
1.94091754983756e-07,0.645870220840694,0.525,0.27,0.00635417587465819,"5","PSMD4"
1.97036831394957e-07,0.385295432423179,0.537,0.288,0.0064505917862081,"5","FAM49B"
2.25443048488379e-07,0.715496523998078,0.619,0.347,0.00738055452141255,"5","CALM3"
2.26990894269959e-07,0.647109871953499,0.519,0.284,0.00743122789660992,"5","ARF5"
2.27862260047402e-07,1.28894296867393,0.319,0.141,0.00745975466943185,"5","UBE2B"
2.34939252358829e-07,0.659879166629391,0.3,0.132,0.00769144124372335,"5","PSMC2"
2.4377088344641e-07,0.596567815299101,0.506,0.268,0.00798057118226857,"5","ATP5EP2"
2.828100383445e-07,0.464230151143634,0.406,0.2,0.00925863503532225,"5","HERPUD1"
2.85018575860278e-07,0.662679359922974,0.281,0.123,0.00933093813651379,"5","RP11-347P5.1"
2.89733132923431e-07,0.281434112587508,0.625,0.349,0.00948528330564729,"5","SERPINB1"
2.91561312405231e-07,0.363171113651706,0.475,0.232,0.00954513424552246,"5","ANAPC11"
2.94629355082517e-07,0.656021476261333,0.269,0.113,0.00964557582669144,"5","TADA3"
2.9892392736899e-07,0.576553150990684,0.35,0.168,0.009786171534206,"5","KDELR2"
3.13793185405413e-07,0.28068130681476,0.731,0.442,0.0102729613038024,"5","PSMB8"
3.49305037504745e-07,0.601817148243959,0.394,0.197,0.0114355483178303,"5","MKRN1"
3.60033343665181e-07,0.472370151482176,0.5,0.261,0.0117867716049107,"5","ZNHIT1"
3.67979740093961e-07,0.457160139124553,0.331,0.151,0.0120469207311961,"5","NDUFA7.1"
4.07357122270338e-07,0.47825448324039,0.375,0.178,0.0133360574688863,"5","MYH9"
4.29126485881249e-07,0.499643231552296,0.744,0.43,0.0140487428947803,"5","BST2"
4.5878182009629e-07,0.37693999628633,0.369,0.169,0.0150195992263123,"5","TXNL1"
4.61545398926258e-07,0.649980971115534,0.312,0.145,0.0151100732700478,"5","LAP3"
4.75995715594009e-07,0.422244021056049,0.331,0.153,0.0155831477371167,"5","PHPT1"
5.28694324947265e-07,0.495144570214374,0.525,0.277,0.0173083948101235,"5","PPP4C"
5.86662655157989e-07,0.631696394593794,0.294,0.131,0.0192061620045623,"5","PSENEN"
5.93296301066607e-07,0.522799353057508,0.319,0.148,0.0194233343043186,"5","ADI1"
6.02898531143205e-07,0.503726260014589,0.6,0.356,0.0197376921125663,"5","CRIP1"
6.18840565761791e-07,0.815703312142652,0.425,0.215,0.0202596024419095,"5","RNF213"
6.36165013963874e-07,0.560703206712559,0.35,0.169,0.0208267702271493,"5","LRPAP1"
6.48649080725983e-07,0.592608968464372,0.512,0.279,0.0212354736048072,"5","NDUFS7"
6.93725880485415e-07,0.348100437966189,0.75,0.436,0.0227111978753315,"5","ARF1"
7.31362363629172e-07,0.637727565887446,0.3,0.138,0.0239433410604918,"5","SFT2D1"
7.80586921117429e-07,1.28081912409249,0.275,0.122,0.0255548546235424,"5","NDUFB6"
8.58951996930895e-07,0.317720755431546,0.369,0.179,0.0281203704755236,"5","MYADM"
8.88774732087142e-07,0.466446419878084,0.369,0.18,0.0290967071790688,"5","CLTB"
9.12984889335869e-07,0.305507885805182,0.394,0.19,0.0298892993070777,"5","CMTM7"
9.34215942632006e-07,0.389393107330547,0.4,0.194,0.0305843615298866,"5","MT-ND3"
9.60287591056655e-07,0.350863643334794,0.438,0.23,0.0314378951560128,"5","RASGRP2"
1.06309493922089e-06,0.617957288913352,0.362,0.178,0.0348036021202135,"5","COX6A1P2"
1.16386345221374e-06,0.279770019865569,0.475,0.247,0.0381025616985735,"5","LMAN2"
1.22702278340806e-06,0.37856225950421,0.875,0.695,0.0401702718832132,"5","ZFP36"
1.27107567265243e-06,0.557872347319099,0.281,0.128,0.0416124753712952,"5","TMC6"
1.27547262202693e-06,0.575509553289568,0.288,0.132,0.0417564226999175,"5","RHEB"
1.2932267637332e-06,0.997141165429811,0.344,0.171,0.0423376577910977,"5","ADAR"
1.36852802548708e-06,0.621173739184139,0.269,0.121,0.044802870498396,"5","NDUFC1"
1.53521623845784e-06,0.723121854576603,0.312,0.146,0.0502599092146327,"5","COMT"
1.60821180579711e-06,0.430604448049469,0.469,0.25,0.0526496380981859,"5","AMICA1"
1.66856870890374e-06,0.612167531145243,0.262,0.118,0.0546256023920906,"5","TLN1"
1.6712393177547e-06,0.942424167675713,0.269,0.12,0.0547130327846533,"5","GLUD1"
1.7955321143422e-06,0.337921207406042,0.706,0.446,0.058782130359335,"5","CD44"
1.79916091344744e-06,0.504844991642752,0.319,0.15,0.0589009299844421,"5","CDK2AP2"
1.91407524562924e-06,0.590740388865688,0.319,0.155,0.0626629953914099,"5","NDUFS3"
1.9718687021954e-06,0.756138077929131,0.344,0.165,0.0645550375724731,"5","LSMD1"
2.11474374888655e-06,0.257288202053322,0.981,0.889,0.0692324808510478,"5","CD52"
2.11704862766989e-06,0.550427307569108,0.462,0.251,0.0693079379726569,"5","CHMP2A"
2.15397771695601e-06,0.435592866500508,0.25,0.108,0.0705169224977059,"5","RPN1"
2.22488435552376e-06,0.623215046303734,0.412,0.215,0.072838264031137,"5","C1orf43"
2.27523105627745e-06,0.650729850196418,0.256,0.115,0.0744865143204111,"5","UBE2E3"
2.53404456640137e-06,0.262646943837804,0.606,0.354,0.0829595510148482,"5","BIN2"
2.974166509969e-06,0.423243092137468,0.794,0.551,0.0973682632033651,"5","ENO1"
3.09744187180148e-06,0.301940401561698,0.419,0.215,0.101404051999037,"5","PCMT1"
3.23595903165195e-06,0.462026959458449,0.494,0.268,0.105938826778222,"5","NDUFV2"
3.28448542447609e-06,0.432170470848269,0.362,0.182,0.107527483826498,"5","TMEM147"
3.48410178901564e-06,0.50613982613225,0.531,0.286,0.114062524368794,"5","SELT"
3.915271368789e-06,0.377911621007603,0.262,0.117,0.128178154071414,"5","SSBP4"
4.01710874794032e-06,0.44622790872141,0.419,0.219,0.13151210619007,"5","NDUFS6"
4.01766952787667e-06,0.561514704209931,0.344,0.171,0.131530465003626,"5","MIEN1"
4.13688866072373e-06,0.304148406938845,0.312,0.153,0.135433460974774,"5","CCDC115"
4.26144371274344e-06,0.300905984478298,0.5,0.278,0.139511144267795,"5","TMBIM4.1"
4.64239241241855e-06,0.596211878953568,0.338,0.168,0.151982642797759,"5","SNRPD3"
4.91936991481628e-06,0.423724546378347,0.4,0.211,0.161050332271255,"5","NDUFA12"
4.98529804962953e-06,0.408324450451394,0.331,0.161,0.163208687548771,"5","CAPZA1"
5.47528030250061e-06,0.544369858570395,0.281,0.136,0.179249726543265,"5","SQRDL"
5.69183418945367e-06,0.291719500404216,0.519,0.272,0.186339267694334,"5","NDUFB7"
6.21072703181339e-06,0.583885037977155,0.481,0.262,0.203326781567507,"5","AHNAK"
6.36234096928455e-06,0.366899282674989,0.525,0.299,0.208290318652438,"5","RAB7A"
6.72790282171449e-06,0.430497145774081,0.506,0.287,0.220258082577289,"5","GNAS"
7.23230641486848e-06,0.260714408180022,0.519,0.282,0.236771247409964,"5","DNAJA1"
7.94283154792883e-06,0.450684305884486,0.294,0.144,0.260032419216094,"5","VIMP"
7.97887019310163e-06,0.408269890746737,0.256,0.117,0.261212252381761,"5","HTATIP2"
8.4504446932222e-06,0.628360241793521,0.506,0.298,0.276650658366708,"5","OSTF1"
8.58784986483237e-06,0.448511467675939,0.4,0.21,0.281149028874882,"5","CHMP5"
8.6279804553082e-06,0.542509849638438,0.388,0.207,0.28246282414588,"5","PSMB2"
8.77003383868789e-06,0.488272055500159,0.331,0.164,0.287113367810964,"5","CHMP3"
9.09562002252375e-06,0.253515172731607,0.462,0.243,0.297772408297383,"5","BUD31"
9.51791235310198e-06,0.804469545449542,0.325,0.159,0.311597414615852,"5","PSMC4"
1.03488465393811e-05,0.586159526391615,0.288,0.146,0.338800538006257,"5","ARL4A"
1.03709652509166e-05,0.660718452751433,0.319,0.16,0.339524660384509,"5","RAB2A"
1.06185119126055e-05,0.381813436170119,0.262,0.125,0.347628842994878,"5","PMAIP1"
1.06277646979481e-05,0.264375367039796,0.325,0.161,0.347931760681424,"5","NDUFS2"
1.06364791395259e-05,0.47965233242188,0.269,0.127,0.348217054069798,"5","TUBB4B"
1.08671401638448e-05,0.339921961566991,0.731,0.514,0.35576843468395,"5","NDUFA4"
1.15106363906547e-05,0.689920823831958,0.438,0.243,0.376835214157253,"5","TCF25"
1.34528120084648e-05,0.447088528445963,0.338,0.174,0.44041815953312,"5","TWF2"
1.36919609156937e-05,0.349065915685736,0.394,0.207,0.448247416457979,"5","C19orf10"
1.41227404043909e-05,0.503196791064476,0.331,0.167,0.46235027535895,"5","NUCB1"
1.4476578488615e-05,0.370870163426198,0.831,0.548,0.473934226560279,"5","ATP6V0E1"
1.49828000638338e-05,0.27688663032409,0.45,0.245,0.490506908489791,"5","NDUFA2"
1.5430570574889e-05,0.375239666844067,0.662,0.407,0.505166019480718,"5","ICAM3"
1.56542775078147e-05,0.290569829085003,0.306,0.153,0.512489737050838,"5","OTUB1"
1.64941699974615e-05,0.289957212828487,0.3,0.144,0.539986137376894,"5","FUNDC2"
1.66037720790081e-05,0.281707110134339,0.438,0.237,0.543574290322566,"5","BSG"
1.82141928131318e-05,0.484532789264355,0.269,0.128,0.596296244316308,"5","RNF114"
1.83536909296302e-05,0.361236987279863,0.294,0.146,0.600863133654234,"5","LIMS1"
1.90424539080927e-05,0.376076777452894,0.756,0.531,0.623411856043138,"5","GPX4"
1.93649528450199e-05,0.330868581984239,0.594,0.359,0.633969826240262,"5","ATP5F1"
1.94741688306808e-05,0.687266408766285,0.375,0.198,0.637545339178826,"5","RBCK1"
1.98572156236386e-05,0.430089119623596,0.588,0.397,0.650085525086681,"5","PTGES3"
1.99014777573627e-05,0.29112136002337,0.438,0.239,0.651534578820539,"5","RNF7"
2.24430859475317e-05,0.273090613404762,0.619,0.358,0.734741747750292,"5","CDC42"
2.4178378625315e-05,0.291939811675176,0.35,0.179,0.791551759435564,"5","TMEM160"
2.44618566922635e-05,0.438571277772926,0.475,0.282,0.800832264391324,"5","UQCRQ"
2.54951854406585e-05,0.274191699872725,0.55,0.312,0.83466138095628,"5","RAP1A"
2.73620743937114e-05,0.3243516505288,0.256,0.12,0.895779591501325,"5","MEA1"
3.00735380558023e-05,0.2709547843526,0.269,0.128,0.984547488870857,"5","OS9"
3.12376081840146e-05,0.420380155991317,0.394,0.213,1,"5","SSNA1"
3.31967925100088e-05,0.863065680227136,0.381,0.208,1,"5","SNX17"
3.87816406074738e-05,0.371437880196196,0.369,0.192,1,"5","SHFM1"
3.90892332787893e-05,0.526155735502101,0.381,0.213,1,"5","C19orf70"
4.0382911312731e-05,0.349880918514931,0.725,0.463,1,"5","SAP18"
4.15046089881248e-05,0.371466056517234,0.394,0.218,1,"5","MYEOV2"
4.19915224382331e-05,0.280640576183565,0.269,0.132,1,"5","CCM2"
4.29770860376468e-05,0.586889994053004,0.25,0.124,1,"5","NAPA"
4.87559717322669e-05,0.313482255099169,0.288,0.146,1,"5","WBP2"
5.21599011345691e-05,0.309627457396343,0.331,0.175,1,"5","GRB2"
5.35170830333151e-05,0.767425267475161,0.406,0.222,1,"5","DCTN3"
5.93252523301652e-05,0.552603885285037,0.469,0.265,1,"5","ATRAID"
5.99697632123393e-05,0.515888536800707,0.262,0.134,1,"5","HM13"
6.14961694621919e-05,0.267622342061784,0.994,0.885,1,"5","DUSP1"
6.27498346787065e-05,0.446002847264634,0.425,0.242,1,"5","ATP6AP2"
6.74791683672341e-05,0.288989878942175,0.281,0.14,1,"5","AKR1A1"
7.07478400201176e-05,0.252123131615846,0.338,0.186,1,"5","PFDN2"
7.08190397059718e-05,0.481282704430727,0.281,0.146,1,"5","FDX1"
8.23166711409635e-05,0.286867258580184,0.306,0.159,1,"5","COMMD7"
8.3252242494546e-05,0.269647745020881,0.288,0.146,1,"5","IKZF1"
8.42207759434565e-05,0.421939300391468,0.381,0.216,1,"5","MRPL54"
8.95537460777791e-05,0.367659715185066,0.312,0.166,1,"5","DAP3"
8.97173900853453e-05,0.375199878616209,0.369,0.206,1,"5","BAZ1A"
8.99359892914764e-05,0.300453808059044,0.975,0.845,1,"5","UBC"
9.49551957965201e-05,0.337815845207377,0.256,0.127,1,"5","PABPC4"
9.79279594073638e-05,0.417892183457631,0.325,0.178,1,"5","DECR1"
9.9344659732098e-05,0.412433230897262,0.344,0.189,1,"5","DSTN"
0.000101091309578083,0.276559353949563,0.512,0.304,1,"5","ARPC4"
0.000108862264797824,0.527153537917497,0.331,0.18,1,"5","GRK6"
0.000120583476781618,0.272576783227645,0.669,0.442,1,"5","PTPRC"
0.000122560136235981,0.32346850430225,0.406,0.229,1,"5","PDIA6"
0.000127482929389998,0.335602889677331,0.25,0.126,1,"5","NDUFS4"
0.000147881667633213,0.259745881421009,0.531,0.333,1,"5","CD63"
0.000148435891092921,0.414567148131211,0.294,0.158,1,"5","NDUFA6"
0.000155722988287531,0.584500819314763,0.25,0.132,1,"5","SNRPG"
0.000159499378975418,0.265643219430238,0.6,0.374,1,"5","ID2"
0.000169866336999063,0.260760211005678,0.75,0.502,1,"5","MT-ND5"
0.000171365890909895,0.334078820153753,0.312,0.17,1,"5","ZMAT2"
0.000171479301548536,0.293836296579994,0.312,0.166,1,"5","PRKAR1A"
0.000179079096124346,0.335483509498673,0.306,0.164,1,"5","RHOF"
0.000183981794226116,0.635089694424131,0.25,0.126,1,"5","LCP2"
0.000186318066917419,0.306496830723965,0.506,0.303,1,"5","FKBP8"
0.000187160584881466,0.321743076327941,0.544,0.319,1,"5","NDUFA1"
0.000194949995485092,0.309473766537584,0.419,0.241,1,"5","MAP1LC3B"
0.000201041229747128,0.325926188913003,0.469,0.278,1,"5","ATP5I"
0.000210135200906945,0.614512044498547,0.394,0.217,1,"5","RALY"
0.000253676988359186,0.310891236717953,0.519,0.316,1,"5","TMEM258"
0.000265801428469235,0.440563797390819,0.306,0.171,1,"5","NDUFB1"
0.000288049831938748,0.424066050262979,0.325,0.186,1,"5","CYC1"
0.000301547003540655,0.408532964989301,0.338,0.187,1,"5","GIMAP2"
0.000320033243600948,0.403843723327737,0.281,0.155,1,"5","BLOC1S2"
0.000355262330050869,0.250035454214235,0.456,0.251,1,"5","S1PR4"
0.000383011109332315,0.284502030016656,0.863,0.689,1,"5","ATP5L"
0.000393301351232565,0.477362051706522,0.281,0.156,1,"5","TAF9"
0.000398687239927659,0.272449761941396,0.344,0.192,1,"5","SRRM2"
0.000460789768452582,0.261326345399002,0.325,0.178,1,"5","PPP1R7"
0.000468554029397755,0.420306407842834,0.719,0.479,1,"5","LDHA"
0.000486543208396881,0.274505691480782,0.45,0.275,1,"5","BCAP31"
0.000515256931359336,0.570729933455676,0.431,0.25,1,"5","CHMP1B"
0.000529883750713068,0.309938730274985,0.5,0.303,1,"5","PSMB7"
0.000559840407900815,0.405891701577954,0.281,0.158,1,"5","TEX264"
0.000581995480835947,0.316982621875386,0.488,0.306,1,"5","PAIP2"
0.000587676142662257,0.334469340983697,0.319,0.178,1,"5","PDCD5"
0.000606514384960778,0.429110082602381,0.669,0.423,1,"5","COPE"
0.000652564675399772,0.390899005165472,0.9,0.688,1,"5","MYL12B"
0.00068884203863688,0.286605201963847,0.375,0.224,1,"5","CAPG"
0.000840788467743675,0.722924547693821,0.25,0.137,1,"5","MPG"
0.00112862196622171,0.266569558380133,0.294,0.166,1,"5","PET100"
0.00117869999578418,0.771442254663113,0.362,0.213,1,"5","SIVA1"
0.00119462098567886,0.297332760755615,0.637,0.433,1,"5","UBL5"
0.00123924456970116,0.256382074239881,0.262,0.149,1,"5","LSM1"
0.00124982235635351,0.298310899189933,0.281,0.157,1,"5","AKAP13"
0.00126042755238621,0.283150260099329,0.531,0.337,1,"5","NDUFB2"
0.00136724256716503,0.432341519704502,0.681,0.502,1,"5","SOD1"
0.00156810427028226,0.358414717933732,0.312,0.184,1,"5","EIF1B"
0.00170771362576172,0.486381748248541,0.388,0.23,1,"5","NCL"
0.00190679968486078,0.496045649690023,0.275,0.157,1,"5","APBB1IP"
0.00191441637212921,0.421540473930874,0.375,0.224,1,"5","SSB"
0.00193541158819569,0.306272656803714,0.338,0.207,1,"5","SNRPD1"
0.00217276319094494,0.63846467643449,0.519,0.326,1,"5","YPEL5"
0.00228503672829204,0.86231347401957,0.3,0.173,1,"5","C1orf63"
0.00285619072627092,1.01891537373412,0.269,0.155,1,"5","SMIM7"
0.00307388660218719,0.369238805283626,0.35,0.209,1,"5","MX1"
0.00314982435166593,0.409666780506675,0.738,0.496,1,"5","UBXN1"
0.00358975145937434,0.639154368085843,0.306,0.188,1,"5","CCT7"
0.00427070340282284,0.29832283108252,0.519,0.345,1,"5","DBI"
0.0042997058180507,0.260309808814125,0.319,0.197,1,"5","ETFB"
0.00432862445421974,0.25679324326755,0.288,0.176,1,"5","RASSF5"
0.00636165385019668,0.472383737348921,0.306,0.186,1,"5","COPS6"
2.29545803691814e-262,5.97490424248513,0.993,0.072,7.5148705212626e-258,"6","GZMB"
2.81315899345319e-239,5.43375100339232,0.921,0.064,9.20971991276704e-235,"6","FGFBP2"
5.87780263343662e-224,5.69356219523035,0.771,0.041,1.92427502613448e-219,"6","SPON2"
1.26200467527809e-198,5.1129851884997,0.971,0.11,4.13155090592541e-194,"6","PRF1"
1.32215440778763e-188,6.25026439347942,0.507,0.014,4.32846910021515e-184,"6","AKR1C3"
2.19571233798726e-172,5.3332201039806,0.964,0.136,7.18832305210269e-168,"6","GNLY"
1.02726149845433e-171,5.26498202981294,0.6,0.03,3.36304869363978e-167,"6","CLIC3"
2.24091104551142e-151,4.70553508626721,0.564,0.032,7.3362945807953e-147,"6","KLRD1"
2.59929756471127e-149,3.90350468371407,0.971,0.153,8.50958036735177e-145,"6","CST7"
4.34904481202832e-145,3.73673352282806,0.957,0.155,1.42379029056183e-140,"6","GZMA"
9.48046079777874e-145,4.90194246854202,0.757,0.078,3.1037132559768e-140,"6","CCL4"
5.98443462927013e-144,4.91895968567066,0.514,0.026,1.95918420893045e-139,"6","XCL2"
1.33899343215593e-139,5.13442187439994,0.486,0.024,4.38359669819207e-135,"6","TTC38"
7.30592472306999e-133,4.98919314635019,0.421,0.016,2.39181363583865e-128,"6","PRSS23"
1.2457554993087e-128,4.22646652763508,1,0.259,4.07835435363682e-124,"6","NKG7"
2.46372770311354e-115,2.85147419607723,0.886,0.147,8.0657517544531e-111,"6","FCGR3A"
2.67302968083394e-114,5.1705534427128,0.586,0.058,8.75096456911416e-110,"6","IGFBP7"
8.86138787739424e-112,3.05895123511152,0.657,0.069,2.90104116330133e-107,"6","GZMH"
1.17405486187048e-111,3.27385520495904,0.986,0.261,3.84362080679156e-107,"6","CTSW"
4.262017101113e-108,5.82084209596206,0.3,0.008,1.39529915856237e-103,"6","SH2D1B"
2.7812172838172e-95,3.33651911892078,0.657,0.093,9.10514914376074e-91,"6","APMAP"
3.11644479253931e-95,4.17731583112306,0.393,0.025,1.02026169618152e-90,"6","S1PR5"
1.16409494074784e-91,4.56084685749137,0.343,0.018,3.81101401702029e-87,"6","GPR56"
1.31713980439287e-91,4.35002335738962,0.329,0.016,4.31205229162137e-87,"6","XCL1"
7.75088994776649e-91,3.56705363637591,0.871,0.234,2.53748635109979e-86,"6","CD247"
1.18323431294071e-84,2.96557198614215,0.843,0.211,3.8736724937053e-80,"6","GZMM"
1.09962484686044e-83,5.05817145226955,0.264,0.01,3.59995182365171e-79,"6","KLRF1"
1.52489510672889e-82,4.48666445392815,0.314,0.017,4.99220160040903e-78,"6","C1orf21"
1.53696636864149e-82,3.84318851910593,0.45,0.044,5.03172049765852e-78,"6","IL2RB"
1.88836242666012e-75,3.25291612006702,0.65,0.12,6.1821209123999e-71,"6","HOPX"
3.87202190317855e-73,3.38762527827056,0.443,0.049,1.26762253066259e-68,"6","MATK"
2.15724301245426e-69,4.89132077218923,0.343,0.03,7.06238217417276e-65,"6","HAVCR2"
2.24683790939646e-69,3.8822435125014,0.35,0.03,7.35569794778214e-65,"6","PLEKHF1"
4.8833368003716e-66,0.966835474842396,1,1,1.59870680170565e-61,"6","B2M"
3.28040270701093e-65,1.25202066780385,1,0.98,1.07393823822124e-60,"6","HLA-C"
5.22705172703986e-58,3.81546715248715,0.314,0.03,1.71123219439831e-53,"6","TBX21"
1.51803666650813e-56,4.38551577640921,0.25,0.017,4.96974843881431e-52,"6","CD160"
1.14486581154472e-55,2.22099819645553,0.871,0.339,3.74806169383511e-51,"6","CD7"
8.52657127266117e-55,4.32736480868116,0.314,0.032,2.79142890324381e-50,"6","PTGDR"
2.43318471429133e-51,2.61187503753563,0.55,0.121,7.96576011764696e-47,"6","TPST2"
3.21415328318627e-51,3.52571675731606,0.264,0.023,1.05224950184952e-46,"6","FCRL6"
3.84419173009472e-50,1.16363908579466,1,0.964,1.25851148859841e-45,"6","HLA-A"
5.04932631447858e-50,2.09855878809825,0.879,0.435,1.653048448834e-45,"6","PLAC8"
2.28877081286933e-44,2.01915747728417,0.714,0.243,7.49297788717161e-40,"6","CTSC"
2.90906336340214e-44,1.00723997608287,1,0.945,9.52369163910592e-40,"6","HLA-B"
4.96479275195529e-43,1.46732342410461,0.964,0.772,1.62537385113512e-38,"6","UBB"
1.0145159002902e-42,2.00931758106234,0.85,0.45,3.32132215437005e-38,"6","ITGB2"
2.58347725097319e-40,2.07577373155655,0.75,0.322,8.45778782423603e-36,"6","CD63"
2.86977439348563e-38,1.98621412778726,0.586,0.166,9.39506740939327e-34,"6","RHOC"
2.87732816163177e-38,1.66619984064746,0.843,0.451,9.41979693555007e-34,"6","RARRES3"
3.33362330946203e-38,1.38641887282412,0.929,0.58,1.09136159905168e-33,"6","SRGN"
5.06472496896187e-38,2.46016175271555,0.4,0.077,1.65808966033874e-33,"6","NCR3"
8.89226904809619e-38,2.93026233423259,0.35,0.061,2.91115104096573e-33,"6","CX3CR1"
2.56127550260554e-37,2.44087756236307,0.479,0.118,8.38510374043002e-33,"6","C12orf75"
3.18274481263963e-36,1.73967683016828,0.807,0.364,1.04196699676196e-31,"6","ID2"
3.94542046231247e-35,1.97757548839084,0.721,0.294,1.29165175095186e-30,"6","CCL5"
1.31826623625613e-34,1.0091521167781,0.993,0.943,4.31574000425533e-30,"6","PFN1"
2.02206097105707e-34,2.67854337020124,0.536,0.167,6.61982320704662e-30,"6","ARPC5L"
1.85284779505463e-33,2.11192553072569,0.543,0.174,6.06585311144986e-29,"6","EFHD2"
2.92122667726461e-33,3.03921248909587,0.421,0.1,9.56351189602889e-29,"6","SAMD3"
2.07736480381658e-32,1.99410062234314,0.571,0.197,6.80087689473473e-28,"6","APOBEC3G"
3.51837186005297e-32,1.64739092719896,0.729,0.343,1.15184457954414e-27,"6","RAP1B"
7.31621747409736e-32,1.12445336545857,0.857,0.33,2.39518327666999e-27,"6","FCER1G"
1.02272736665841e-31,1.49068317279889,0.829,0.488,3.3482048529663e-27,"6","CD99"
2.34793281771475e-31,2.31126131260947,0.5,0.152,7.68666245863454e-27,"6","PLEK"
1.82664896042669e-29,1.00517206786628,0.986,0.868,5.98008336664491e-25,"6","MYL12A"
4.58448305410747e-29,1.11871711175725,0.971,0.883,1.5008680622537e-24,"6","HLA-E"
4.95142935184617e-29,1.11523620631816,0.9,0.627,1.6209989412074e-24,"6","PTPRCAP"
8.92233145147954e-28,1.98451076810591,0.436,0.127,2.92099287058537e-23,"6","ZAP70"
1.01515506282783e-27,2.85629857826702,0.271,0.05,3.32341464468575e-23,"6","ABHD17A"
1.09243211416631e-27,2.67537516450223,0.386,0.102,3.57640425535766e-23,"6","CHST12"
1.79104886528344e-27,2.86821145868469,0.279,0.054,5.86353577516493e-23,"6","ASCL2"
1.90278092195227e-27,0.813751013604555,0.993,0.912,6.22932418228735e-23,"6","CFL1"
2.92915988055289e-27,1.65468000271329,0.657,0.32,9.58948361695407e-23,"6","PDIA3"
4.61060432797224e-27,2.18154227989443,0.557,0.217,1.50941964489155e-22,"6","ALOX5AP"
2.36309586272351e-26,1.45891021030996,0.814,0.525,7.73630323538424e-22,"6","HCST"
7.65200085711839e-26,2.20335338789874,0.393,0.11,2.50511204060342e-21,"6","C5orf56"
8.25988897830785e-26,1.54021533335337,0.779,0.46,2.70412245371842e-21,"6","IFITM1"
9.0949017128021e-26,1.32113099707435,0.893,0.631,2.97748892273715e-21,"6","CLIC1"
2.27064708351791e-25,2.45310687581144,0.421,0.124,7.43364442202093e-21,"6","CCL3"
6.90692509616445e-25,2.32061842008852,0.386,0.112,2.26118913798232e-20,"6","AOAH"
1.16438290034223e-24,2.49623553378319,0.386,0.113,3.81195673914039e-20,"6","CD300A"
2.43966941394196e-24,1.86021687032855,0.593,0.267,7.98698972736319e-20,"6","PPP1R18"
3.12960271691293e-24,1.41390147299531,0.871,0.64,1.02456933746295e-19,"6","RAC2"
3.14372405286578e-23,1.91187642175129,0.457,0.161,1.0291923804272e-18,"6","ABI3"
4.5016473868365e-23,1.03800393961277,0.921,0.697,1.47374932150253e-18,"6","IFITM2"
1.00235704069959e-22,1.60541498303076,0.614,0.295,3.28151647984231e-18,"6","LITAF"
1.19310797325446e-22,1.26960853769257,0.75,0.432,3.90599688284047e-18,"6","BST2"
1.57814929072682e-22,1.85064712613316,0.536,0.221,5.16654514798147e-18,"6","MYO1F"
2.9657473825624e-22,1.08151766344546,0.879,0.667,9.70926378103278e-18,"6","CALM1"
3.41275595256284e-22,1.59876870049248,0.65,0.339,1.11726804375002e-17,"6","PSMB10"
4.47770054603979e-22,1.96994413055187,0.386,0.12,1.46590960476251e-17,"6","UBE2F"
5.30839144658692e-22,1.29180245203085,0.829,0.532,1.73786119178363e-17,"6","CD53"
7.04695718693012e-22,0.457928984559288,0.914,0.369,2.30703284385718e-17,"6","TYROBP"
3.89905964757329e-21,1.88830908321171,0.471,0.183,1.27647414742254e-16,"6","ARL4C"
1.11247202594808e-20,1.99228448397948,0.571,0.27,3.64201091854883e-16,"6","XBP1"
1.61207253837569e-19,1.61501647473036,0.586,0.305,5.27760307613434e-15,"6","DHRS7"
6.95244605244736e-19,0.812023643975427,0.921,0.795,2.27609178865022e-14,"6","ARPC2"
2.54100671332209e-18,0.684011175722279,1,0.992,8.31874777807385e-14,"6","ACTB"
5.30467428495023e-18,1.63245121576465,0.6,0.325,1.73664426740701e-13,"6","SEPT7"
7.6358033412379e-18,1.43902390427856,0.514,0.227,2.49980929785446e-13,"6","CTSD"
9.27612757420496e-18,1.29099780195218,0.564,0.281,3.03681864524322e-13,"6","ANXA6"
1.85611438130925e-17,0.918949800775757,0.871,0.753,6.07654726153022e-13,"6","TXNIP"
4.33403223121516e-17,0.723994435814278,0.943,0.851,1.41887547185522e-12,"6","SERF2"
8.27713748712934e-17,2.03497120686892,0.336,0.114,2.7097692705364e-12,"6","SDF4"
1.2887647846454e-16,1.60148687192539,0.614,0.356,4.2191581519721e-12,"6","BIN2"
3.97600927559675e-16,1.61163589900744,0.464,0.211,1.30166591664486e-11,"6","GLIPR2"
4.4209558704975e-16,0.708143339510367,0.964,0.841,1.44733253288347e-11,"6","CYBA"
1.26801270235275e-15,1.13452183313501,0.764,0.55,4.15121998496244e-11,"6","UCP2"
1.99117985000842e-15,0.619599471710819,0.964,0.846,6.51872459295758e-11,"6","MYL6"
2.02634659407782e-15,1.77508092792792,0.429,0.191,6.63385347969197e-11,"6","LAMP1"
2.79447621265785e-15,1.47733543462005,0.479,0.229,9.14855622499925e-11,"6","C9orf142"
1.04521313661987e-14,1.64062253522912,0.579,0.336,3.42181876666613e-10,"6","NDUFB2"
1.17492806343184e-14,1.6740783965241,0.343,0.13,3.84647949406315e-10,"6","ITGB7"
2.10000038645165e-14,1.55038542301611,0.507,0.267,6.87498126516542e-10,"6","CALR"
2.48751542116224e-14,1.1749894284545,0.607,0.402,8.14362798580095e-10,"6","CCND3"
3.09911371276631e-14,1.47997761383419,0.471,0.237,1.01458784728544e-09,"6","BSG"
3.62919873115413e-14,1.0225501904806,0.757,0.542,1.18812708060524e-09,"6","PSME2"
4.24310112486283e-14,2.0227161088017,0.264,0.083,1.38910644625759e-09,"6","CMC1"
7.08998076955625e-14,0.579283729221901,0.979,0.852,2.32111790433733e-09,"6","SH3BGRL3"
8.2210605341737e-14,1.62433775963984,0.371,0.153,2.69141079767778e-09,"6","BZW1"
1.60210885252488e-13,2.2763230997461,0.264,0.086,5.24498396139596e-09,"6","CYB5B"
2.39282491640547e-13,1.18086770620829,0.571,0.344,7.83363021132822e-09,"6","DBI"
3.86459906814122e-13,0.806161242154497,0.821,0.58,1.26519244292807e-08,"6","ANXA1"
5.43061857420378e-13,0.939903580993784,0.679,0.455,1.77787590882283e-08,"6","DRAP1"
5.97201393909123e-13,1.01569402137815,0.7,0.509,1.95511792337969e-08,"6","PPP1CA"
7.36090463274919e-13,0.671088437083095,0.843,0.733,2.40981295866943e-08,"6","PSME1"
2.52827855081077e-12,1.92247182448997,0.307,0.118,8.27707831964431e-08,"6","CISD3"
2.60360049796936e-12,1.19981320023243,0.643,0.429,8.52366731025209e-08,"6","IL2RG"
2.94074445951874e-12,1.30249440583601,0.5,0.29,9.62740921157246e-08,"6","SELT"
4.37673830296733e-12,1.43820549888885,0.4,0.189,1.43285658562544e-07,"6","HSPA5"
4.89335667712719e-12,0.728459672974656,0.85,0.737,1.6019871089579e-07,"6","PPIA"
6.57979298497304e-12,1.14834711728648,0.664,0.448,2.15409262742047e-07,"6","PSMB8"
9.26349302595943e-12,1.07073988882829,0.55,0.343,3.0326823468386e-07,"6","PRDX5"
1.03485415306333e-11,1.93113447001577,0.293,0.115,3.38790552629873e-07,"6","GNG2"
1.25045167137047e-11,1.55455901892392,0.25,0.084,4.09372868173264e-07,"6","LAT2"
2.07572117526473e-11,2.06403075876386,0.257,0.094,6.79549598358168e-07,"6","GCHFR"
2.18181810354954e-11,1.189351255994,0.536,0.333,7.14283610740048e-07,"6","CD164"
3.47988462718879e-11,1.09752359392189,0.593,0.404,1.13924462924907e-06,"6","CAP1"
8.334092597945e-11,2.03543376267027,0.336,0.155,2.72841523471523e-06,"6","SLC9A3R1"
8.93185719984499e-11,0.830754785252821,0.743,0.631,2.92411141008525e-06,"6","HNRNPA2B1"
1.52995212359511e-10,1.66110292551479,0.286,0.118,5.00875726222566e-06,"6","PRKCH"
1.59577221896976e-10,1.5339407314573,0.343,0.159,5.22423909046321e-06,"6","SYTL1"
1.71695697443268e-10,1.88400030604042,0.25,0.093,5.62097374289771e-06,"6","MBP"
2.0612118080557e-10,1.23983437895325,0.436,0.241,6.74799521721277e-06,"6","SUN2"
2.3326637463108e-10,0.968054136967438,0.514,0.301,7.6366745726723e-06,"6","HNRNPA3"
3.24605927364954e-10,1.87459160740459,0.336,0.154,1.06269488500739e-05,"6","MRPS6"
3.83444950559423e-10,1.64086937853499,0.3,0.129,1.25532207914144e-05,"6","PTGER2"
4.96441268333504e-10,1.42799638810079,0.393,0.208,1.62524942427023e-05,"6","PRMT2"
5.03851582653904e-10,1.12907025815548,0.429,0.234,1.64950931129235e-05,"6","POLR2G"
9.15992803600847e-10,1.54104145994409,0.293,0.129,2.99877724042845e-05,"6","FDPS"
1.29516546721446e-09,1.36745063775657,0.364,0.182,4.24011270656671e-05,"6","ARL6IP1"
1.40886870189244e-09,0.55385368694147,0.821,0.695,4.61235435625546e-05,"6","MYL12B"
2.86667689849249e-09,0.569132822439596,0.921,0.849,9.38492683028472e-05,"6","UBC"
3.19881421422046e-09,1.09443929918663,0.486,0.307,0.000104722779745149,"6","ARPC4"
3.212879225996e-09,1.21425558229918,0.264,0.106,0.000105183240100657,"6","KLRG1"
3.77566654763971e-09,1.92918901681756,0.45,0.265,0.000123607771436629,"6","SCP2"
3.96230285852295e-09,1.15871555786733,0.429,0.243,0.000129717870982324,"6","TMED9"
4.09365629251836e-09,1.0035123274157,0.386,0.207,0.000134018119704466,"6","BTN3A2"
4.24369167563087e-09,1.37554582079514,0.414,0.237,0.000138929978076803,"6","HSP90B1"
4.37459597535314e-09,1.53007002892253,0.293,0.133,0.000143215523041111,"6","SKAP1"
4.90929385418215e-09,0.81822467257308,0.921,0.861,0.000160720462198215,"6","ACTG1"
6.49724602238252e-09,1.51410194240016,0.293,0.135,0.000212706840280759,"6","HDDC2"
6.71432147791437e-09,1.6553053183366,0.257,0.107,0.000219813456543961,"6","FLOT1"
6.91614679288245e-09,1.2091863028004,0.364,0.191,0.000226420813705386,"6","JAK1"
7.51578812915209e-09,1.78449708335341,0.279,0.126,0.000246051871772181,"6","FKBP11"
1.06914303930426e-08,0.801593808614481,0.686,0.482,0.000350016048207427,"6","AES"
1.7708508300397e-08,1.01041648432121,0.457,0.28,0.000579741144738398,"6","YWHAQ"
1.77799837857819e-08,2.04694269505791,0.321,0.16,0.000582081109178927,"6","PSMC4"
1.87715045209726e-08,1.06097659502742,0.471,0.303,0.0006145415150076,"6","ENSA"
2.05994884811726e-08,0.794104583381355,0.621,0.468,0.000674386053896628,"6","PPIB"
2.41771323849189e-08,0.802208082099692,0.436,0.257,0.000791510960017474,"6","TMEM50A"
3.10379024554225e-08,0.280843572180691,1,1,0.00101611885058562,"6","MALAT1"
3.76278848648311e-08,1.25186814010283,0.35,0.19,0.00123186169470484,"6","DSTN"
3.76970198837869e-08,1.40023547801998,0.271,0.125,0.00123412503695542,"6","RCN2"
4.78911273753943e-08,1.23223975530384,0.436,0.276,0.00156785972801566,"6","IRF1"
4.91145875451324e-08,0.717836302458708,0.721,0.578,0.00160791336705255,"6","PSMB9"
4.99486854843994e-08,1.49485901986308,0.364,0.204,0.00163522006538827,"6","FLNA"
6.32045667362569e-08,1.38620708521725,0.307,0.153,0.00206919110581158,"6","RNF126"
6.68021266154068e-08,0.768823492375461,0.529,0.356,0.00218696802113519,"6","SERPINB1"
7.32660148840651e-08,0.762454071616847,0.686,0.524,0.00239858279527452,"6","EVL"
8.66774772490814e-08,0.776017715261859,0.679,0.572,0.00283764725018043,"6","EIF3G"
1.05807608305806e-07,1.13784579440017,0.286,0.135,0.00346392948071549,"6","OPTN"
1.50894197213911e-07,1.2521788014368,0.414,0.254,0.00493997422838903,"6","WDR1"
2.22659711502769e-07,1.11937963015801,0.379,0.225,0.00728943363517764,"6","TAP1"
2.85338613746026e-07,1.10573729451517,0.364,0.211,0.0093414155368174,"6","CDC42SE1"
3.0943042149605e-07,0.748117651087935,0.457,0.299,0.0101301331389377,"6","TBCB"
3.17193074829281e-07,1.10386486134527,0.314,0.163,0.010384266883761,"6","CCDC107"
6.25142607751316e-07,0.904421576877212,0.586,0.443,0.0204659186925626,"6","TRAPPC1"
7.20786562682956e-07,1.14634223510514,0.286,0.149,0.0235971104891146,"6","GOLGA7"
7.58962436020387e-07,1.15410490585651,0.371,0.217,0.0248469122304354,"6","CD97"
9.40510529202907e-07,1.20481314334948,0.25,0.121,0.0307904337050448,"6","SDHAF2"
1.00368688767594e-06,1.0639251429796,0.429,0.296,0.032858701328735,"6","FAM49B"
1.05966220455366e-06,0.677298847110453,0.514,0.366,0.0346912212526778,"6","GHITM"
1.13262044338733e-06,1.87000598340356,0.321,0.175,0.0370797280756143,"6","LYAR"
1.23081043784066e-06,1.27927209396769,0.271,0.137,0.0402942721140274,"6","SDF2L1"
1.31408073717881e-06,0.878124042882732,0.443,0.293,0.0430203751737598,"6","PSMD8"
1.36342707054756e-06,0.791192409151696,0.364,0.22,0.0446358754355861,"6","RALY"
1.44867555248656e-06,0.584162133292651,0.671,0.533,0.0474267402373048,"6","GIMAP7"
1.49897939312065e-06,1.31998757099863,0.25,0.122,0.0490735873719839,"6","MANF"
1.50025740714114e-06,0.607878383742061,0.85,0.728,0.0491154269949866,"6","EMP3"
1.51535679178507e-06,0.566787087074593,0.679,0.553,0.0496097506494596,"6","CAPZB"
2.52973662031632e-06,1.05136288622343,0.386,0.245,0.0828185174759156,"6","ATP6AP2"
2.61089789623385e-06,1.09743105642718,0.279,0.149,0.0854755753269037,"6","DEF6"
2.63552427430356e-06,0.965664306912827,0.386,0.244,0.0862817936921498,"6","MAP1LC3B"
2.76113026392068e-06,1.03034085093103,0.371,0.231,0.0903938825802352,"6","HMGN3"
2.77425735247089e-06,1.14664584950232,0.429,0.3,0.090823637205192,"6","BAX"
2.88515181446854e-06,0.872636300024038,0.386,0.247,0.0944541001020712,"6","SEPW1"
2.92071087415008e-06,1.3822662133477,0.357,0.208,0.0956182325979253,"6","FGR"
3.06449697935681e-06,1.28182641893468,0.307,0.176,0.100325502110183,"6","RASSF5"
3.21827352789801e-06,0.784512382184429,0.586,0.461,0.105359838756325,"6","PSMB1"
3.375913165039e-06,0.825549708223074,0.436,0.294,0.110520645197047,"6","TBC1D10C"
3.39596647865199e-06,1.52529633604479,0.314,0.182,0.111177150578109,"6","DDOST"
3.80597084661749e-06,1.47957438551481,0.286,0.153,0.124599873576564,"6","DENND2D"
4.49724596282521e-06,1.15017276180841,0.371,0.23,0.147230838330972,"6","P4HB"
4.58268201139828e-06,1.2272747584841,0.257,0.135,0.150027843689157,"6","PSENEN"
5.22902928840797e-06,1.20958141584008,0.3,0.171,0.1711879608439,"6","CNPY2"
6.16735027298055e-06,1.03993831075271,0.443,0.303,0.201906713236837,"6","OSTF1"
6.36558487345356e-06,0.794268777337608,0.379,0.24,0.208396517587123,"6","CD47"
7.17501113683682e-06,0.527828032575393,0.643,0.521,0.234895514597764,"6","ARPC5"
7.39170650737995e-06,0.886641146208164,0.429,0.307,0.241989687638605,"6","RAB7A"
8.9258317914443e-06,1.37671100179961,0.3,0.177,0.292213881188304,"6","HMOX2"
9.51409966609122e-06,0.650898148003963,0.536,0.408,0.311472594868494,"6","ACTR3"
1.00961287527982e-05,0.417807895999253,0.771,0.711,0.330527063109109,"6","CHCHD2"
1.01967482269809e-05,0.98283628404769,0.5,0.381,0.3338211434549,"6","LCP1"
1.0877758946144e-05,1.36497141886245,0.286,0.161,0.356116072378861,"6","MIR142"
1.13630081225554e-05,1.26949736855799,0.271,0.149,0.37200215991622,"6","LSM1"
1.28031256792382e-05,0.920436829506463,0.414,0.279,0.419148728486902,"6","MSN"
1.35467689227522e-05,0.817545096265711,0.25,0.132,0.443494120993062,"6","MRPS12"
1.40861947919257e-05,1.15330841320693,0.443,0.309,0.461153845098065,"6","RBM8A"
1.47576506469177e-05,0.691594210751793,0.471,0.347,0.483135966878792,"6","RBM39"
1.55127934148027e-05,1.23449080552335,0.35,0.22,0.50785783081381,"6","SIGIRR"
1.55521087913697e-05,0.980189368081585,0.35,0.221,0.50914493761186,"6","RNF213"
1.69710038741493e-05,0.550735752764372,0.621,0.502,0.555596724831898,"6","TPI1"
1.79258897063943e-05,0.826486562274193,0.393,0.261,0.586857777207937,"6","SRI"
1.96440123695462e-05,1.05675880348249,0.357,0.23,0.643105676954203,"6","ACP1"
1.97842355195805e-05,1.0074633888082,0.314,0.191,0.647696302440025,"6","CFLAR"
2.39076334806714e-05,1.05717628961564,0.25,0.136,0.782688104890219,"6","SH3GLB1"
2.43919648382964e-05,0.393248041560569,0.686,0.559,0.798544144876149,"6","ENO1"
2.46716413047308e-05,1.30666019560795,0.443,0.326,0.807700193034278,"6","HLA-F"
2.53959896095421e-05,0.91178984717679,0.343,0.215,0.831413907837191,"6","DDIT4"
2.60046107236191e-05,1.14194570079018,0.336,0.212,0.851338945869843,"6","C19orf10"
2.67867582318339e-05,0.83019409105883,0.421,0.289,0.876944890993779,"6","NOP10"
3.02144068188271e-05,1.15907852417879,0.293,0.175,0.98915925043476,"6","MIEN1"
3.28830881916731e-05,0.886361032622305,0.386,0.263,1,"6","PSMA5"
3.88246359170174e-05,0.858239211464723,0.271,0.153,1,"6","TBCC"
3.94114663199429e-05,1.16264193228554,0.279,0.163,1,"6","C19orf66"
4.18924915290335e-05,0.994851429499693,0.321,0.204,1,"6","EMC4"
4.27150102124078e-05,0.954860471424145,0.364,0.249,1,"6","TCF25"
4.40984968481897e-05,1.17040909865129,0.271,0.159,1,"6","ZFAND6"
4.42221584880166e-05,1.21923402241995,0.314,0.202,1,"6","WIPF1"
4.75163895150569e-05,1.00909592904735,0.293,0.179,1,"6","PDAP1"
4.87795617459766e-05,1.2374322402408,0.3,0.179,1,"6","PIM1"
5.39616118526131e-05,0.932924151561294,0.357,0.235,1,"6","DOK2"
5.52284656136816e-05,0.772761111142124,0.407,0.299,1,"6","SPCS2"
5.54278237985168e-05,1.19893316008627,0.5,0.389,1,"6","SRSF2"
5.74967085722203e-05,0.792019500617855,0.343,0.227,1,"6","DCTN3"
5.88345999920817e-05,0.63883139651298,0.5,0.393,1,"6","TMEM59"
6.64372085631324e-05,0.440979624781988,0.664,0.54,1,"6","LSP1"
6.80908836329252e-05,0.817792262883031,0.329,0.209,1,"6","IMP3"
7.72385487139864e-05,0.94826565036915,0.293,0.178,1,"6","DNAJB6"
7.72749691582818e-05,0.659376501197101,0.429,0.311,1,"6","PAIP2"
7.7708883618768e-05,0.858943596514565,0.35,0.234,1,"6","PDIA6"
8.05517345020334e-05,0.757786320197177,0.464,0.369,1,"6","CDC42"
9.10139881338689e-05,0.470314451948094,0.95,0.913,1,"6","ARHGDIB"
9.26756094469254e-05,0.582353708611267,0.271,0.165,1,"6","VDAC3"
9.70190046114761e-05,0.718015429049654,0.621,0.532,1,"6","HSP90AA1"
9.75757369202461e-05,0.587220040847377,0.429,0.313,1,"6","SEC61B"
9.79761466349584e-05,0.822571273321662,0.443,0.311,1,"6","STK17A"
0.00010471891605443,0.686105208736316,0.707,0.606,1,"6","KLF2"
0.00012056849868842,0.84077056016604,0.307,0.194,1,"6","TGFB1"
0.000139610357700634,0.657172582960758,0.336,0.222,1,"6","MAF1"
0.000154004276395553,0.962136083822738,0.357,0.256,1,"6","LMAN2"
0.000156957402615931,0.673279251206762,0.457,0.353,1,"6","POLR2L"
0.000166142613407194,0.841274136312613,0.35,0.239,1,"6","BANF1"
0.000198150183758941,0.811195983283054,0.286,0.176,1,"6","RPA2"
0.000213017367952183,0.938795551994332,0.279,0.173,1,"6","KDELR2"
0.000233009091347961,0.878420639425465,0.4,0.296,1,"6","SUB1"
0.000251085052093071,0.945619519784673,0.336,0.233,1,"6","UBE2L3"
0.000256667823273042,0.434017374637273,0.464,0.359,1,"6","C9orf16"
0.000265182959012671,0.42804810173583,0.721,0.673,1,"6","HSPA8"
0.000270160787255104,0.307455528191034,0.9,0.809,1,"6","DDX5"
0.000284393592114429,0.858960730385952,0.257,0.159,1,"6","PLEKHJ1"
0.00029361741879313,0.67482340585862,0.329,0.224,1,"6","TERF2IP"
0.000295388789352134,0.977155965596437,0.271,0.171,1,"6","ADRM1"
0.000304789032904983,0.733876858956515,0.4,0.302,1,"6","SRSF9"
0.000332141107748664,0.503043780363247,0.521,0.433,1,"6","COPE"
0.000349666559771216,1.08685835888834,0.25,0.153,1,"6","MAPRE1"
0.000358027778875419,0.322253886986513,0.543,0.451,1,"6","ARL6IP5"
0.000373918996845641,1.13549281774332,0.55,0.47,1,"6","SRSF3"
0.000399275973224186,1.01311276687977,0.357,0.259,1,"6","CHMP2A"
0.00042802921799331,1.09418529160233,0.257,0.161,1,"6","NDUFA6"
0.000436900165165374,1.01358708755987,0.371,0.282,1,"6","NDUFB7"
0.0004377061994201,1.22082081189597,0.421,0.338,1,"6","CSNK2B"
0.000456876216970732,0.622022220623244,0.421,0.313,1,"6","CYCS"
0.000469457140330861,0.872821329303121,0.336,0.243,1,"6","CCDC12"
0.000469547986167272,0.573373013995544,0.457,0.371,1,"6","GLRX"
0.000472467459200573,0.979603494826036,0.271,0.172,1,"6","IFI16"
0.000539364527191378,0.540813591291201,0.543,0.472,1,"6","TPM3"
0.000559119262478762,0.495150347050126,0.571,0.514,1,"6","TMBIM6"
0.000564467553239622,0.719357237828915,0.371,0.264,1,"6","SP100"
0.000576610602475154,0.828825894802137,0.329,0.229,1,"6","MYO1G"
0.000603638617391313,0.901432635794488,0.293,0.202,1,"6","POLR3GL"
0.000637218782884772,0.881989954611144,0.329,0.232,1,"6","PGAM1"
0.000675298082548948,0.876029220456239,0.279,0.185,1,"6","MYH9"
0.000696388606439358,0.680897706124879,0.407,0.307,1,"6","HNRNPM"
0.000709594185712601,0.412767595856774,0.657,0.562,1,"6","RHOA"
0.000758216841863021,0.715836126199645,0.393,0.287,1,"6","GYPC"
0.000834007868426355,0.544803522899078,0.464,0.385,1,"6","C11orf58"
0.000850963585146246,0.411587365316348,0.664,0.595,1,"6","SUMO2"
0.000929200600031984,0.995533281087193,0.271,0.179,1,"6","FERMT3"
0.000945433665661174,0.616802782042755,0.407,0.32,1,"6","ATP5J2"
0.000945643339123045,0.769881402231454,0.271,0.182,1,"6","DECR1"
0.00101877442119196,0.894626248637846,0.686,0.641,1,"6","RBM3"
0.00106464819553249,0.610184804966908,0.371,0.277,1,"6","RAB5C"
0.00111342215384272,0.48848494523671,0.471,0.355,1,"6","LCK"
0.0011410790177897,0.380697770565693,0.671,0.631,1,"6","HMGB1"
0.00114257056470968,0.60673605682624,0.736,0.706,1,"6","CIRBP"
0.0013136080943137,0.685174006995746,0.336,0.241,1,"6","SRSF11"
0.00135973665813094,1.017383932721,0.257,0.167,1,"6","RNF167"
0.00138287791131552,0.7958192993987,0.329,0.239,1,"6","PPP2R5C"
0.00140317298723917,0.978508569084829,0.636,0.559,1,"6","PSMA7"
0.00140772428701763,1.3813200477996,0.25,0.161,1,"6","ATP1B3"
0.00144004269949808,0.790734101539607,0.3,0.203,1,"6","SEPT6"
0.00170183941121065,0.751367424758759,0.264,0.179,1,"6","IDH2"
0.00175321440760545,0.618058075742596,0.379,0.294,1,"6","MDH2"
0.00176918867108734,0.474644162518488,0.721,0.654,1,"6","LIMD2"
0.0019793642463157,0.489850357014239,0.457,0.377,1,"6","HNRNPF"
0.00202894233660742,0.39633559740701,0.529,0.464,1,"6","SKP1"
0.00203296418402153,1.09279324210184,0.314,0.236,1,"6","ICAM2"
0.00210099223043668,0.847508758742312,0.329,0.253,1,"6","BUD31"
0.00219251405017072,0.622285521427889,0.393,0.311,1,"6","PSMB7"
0.00227613572692853,0.904569854313269,0.25,0.169,1,"6","RHOF"
0.0023417698228547,0.574030353108639,0.471,0.408,1,"6","CIB1"
0.00259623197223082,0.435177648049551,0.371,0.287,1,"6","TMBIM4.1"
0.00283107654130014,0.642217176061535,0.521,0.478,1,"6","COX6A1"
0.00291158982967096,0.765947277527244,0.264,0.177,1,"6","WSB1"
0.00291683971349595,0.661122767045274,0.357,0.281,1,"6","PSMD4"
0.00310434766244504,0.989757141561898,0.293,0.217,1,"6","CHMP5"
0.00331075448285651,0.562739853748296,0.536,0.469,1,"6","SELL"
0.00345635697850049,0.696826762970451,0.3,0.214,1,"6","MBNL1"
0.00382416794778996,0.782056490314597,0.25,0.169,1,"6","PPP2R1A"
0.00394946583957165,0.344608956780306,0.786,0.782,1,"6","SRP14"
0.00398668787220708,1.42368910415021,0.336,0.259,1,"6","FAM96B"
0.00421944264681105,0.775856478946089,0.257,0.177,1,"6","IFI35"
0.00425011075733291,0.940051316912547,0.264,0.19,1,"6","COPZ1"
0.00438462924631666,0.839762496676885,0.264,0.185,1,"6","TMEM160"
0.00439857266547569,0.458940815418385,0.25,0.17,1,"6","LUC7L3"
0.00511469999106757,0.432891130050001,0.314,0.22,1,"6","CEBPD"
0.00526546018643604,0.631550132279854,0.457,0.398,1,"6","NDUFB8.1"
0.0052856809437855,0.508383264655779,0.393,0.328,1,"6","SRP9"
0.0055158987920007,0.264495176817728,0.507,0.43,1,"6","NDUFB9"
0.00559811667330517,0.502516315285195,0.514,0.453,1,"6","VAMP2"
0.00575076388982725,1.64257939948444,0.4,0.337,1,"6","DYNLL1"
0.00595773427619464,0.43415627185917,0.386,0.305,1,"6","C20orf24"
0.0059843004276735,0.531281096354023,0.364,0.293,1,"6","DNAJA1"
0.00602717533940672,0.531764758951178,0.286,0.204,1,"6","RBCK1"
0.0066011485557196,0.736593567791762,0.264,0.191,1,"6","MRPL34"
0.0066042143420708,0.613304152297401,0.293,0.22,1,"6","RPN2"
0.00695034733946085,0.432455084594534,0.414,0.342,1,"6","UBE2L6"
0.0070466819803074,1.53987207275133,0.314,0.241,1,"6","RPS19BP1"
0.00706238565438595,0.477984120273985,0.4,0.326,1,"6","SEC11A"
0.00717251135663711,0.641865977044687,0.357,0.287,1,"6","PDCD6"
0.00728005258219971,0.580230039557583,0.5,0.428,1,"6","EID1"
0.00748658732848301,0.62349225332654,0.293,0.218,1,"6","FMNL1"
0.00756373187067369,0.560373172827514,0.4,0.329,1,"6","NDUFA1"
0.00774551235130743,0.294221143360096,0.564,0.505,1,"6","VAMP8"
0.00786738490219757,0.701903626550139,0.479,0.384,1,"6","C1orf162"
0.00812007863698784,0.493389616902087,0.307,0.228,1,"6","PSMA2.1"
0.00850099255252619,0.363948823796758,0.471,0.381,1,"6","H3F3A"
0.00853152852533215,0.324966989149224,0.821,0.805,1,"6","CORO1A"
0.00891805062667188,0.823547544867965,0.3,0.236,1,"6","ARHGEF1"
0.00902242191688408,0.961418370779853,0.271,0.207,1,"6","TECR"
0.0094432476888609,0.598378667171678,0.314,0.245,1,"6","HNRNPU"
0.0096202381029785,0.507339130978077,0.4,0.344,1,"6","SNRPB"
0.00982343138425845,0.362749519076255,0.564,0.524,1,"6","SLC25A3"
0.00998641339314352,0.951115173566587,0.429,0.37,1,"6","ATP5F1"
3.74880327937773e-251,7.90912915766951,0.829,0.01,1.22728321760268e-246,"7","FCER1A"
3.1672214440985e-214,8.15501200599696,0.486,0.002,1.03688495636897e-209,"7","SERPINF1"
1.49501851153113e-150,6.23839444110161,0.686,0.015,4.8943916030506e-146,"7","CLEC10A"
3.38281312425012e-122,5.97579063260999,0.4,0.005,1.10746536061701e-117,"7","ENHO"
1.88985034521023e-94,6.48589541582395,0.257,0.002,6.18699206014926e-90,"7","CLIC2"
4.42673837497702e-73,4.63111677370271,0.514,0.02,1.44922560919998e-68,"7","CD1C"
1.00134503101713e-54,3.97507320199511,0.371,0.013,3.27820336254388e-50,"7","CACNA2D3"
1.58047881684732e-47,3.22860526023722,0.429,0.022,5.17417155059476e-43,"7","HLA-DQB2"
1.89669305254999e-42,2.73288229991518,0.543,0.04,6.20939371543816e-38,"7","PHACTR1"
8.43376327172213e-41,3.14906961869901,0.429,0.026,2.76104541989639e-36,"7","CCDC88A"
5.560915209045e-39,4.26930144952463,0.257,0.009,1.82053242113715e-34,"7","UPK3A"
1.10873040632183e-37,3.75560471756352,0.514,0.041,3.6297616042164e-33,"7","PLD4"
8.01651842373427e-36,3.12209815793446,0.8,0.116,2.62444780156213e-31,"7","HLA-DQA2"
8.19933899519978e-35,2.79524253813469,0.629,0.066,2.6842996002485e-30,"7","CD33"
1.04854515783993e-33,2.81202074565589,0.771,0.107,3.43272713773637e-29,"7","CPVL"
1.33723775978735e-33,3.29813735225264,0.343,0.02,4.37784897799184e-29,"7","BASP1"
2.65149571966104e-33,3.8490158496343,0.257,0.011,8.68046668702633e-29,"7","LGMN"
5.49273868258566e-33,3.55998082871942,0.314,0.017,1.79821278990489e-28,"7","NDRG2"
1.029024457293e-31,3.07200269334684,0.943,0.209,3.36882026828581e-27,"7","HLA-DQA1"
1.26294962057163e-31,2.8190921512984,0.457,0.038,4.13464446782739e-27,"7","RPS6KA4"
1.713406046274e-31,2.96227316923232,0.486,0.045,5.60934871429182e-27,"7","GSN"
1.99771695407527e-30,2.91823652080889,0.286,0.015,6.54012576425162e-26,"7","HLA-DOA"
1.32635816260955e-29,3.19327333960193,0.4,0.032,4.34223135275115e-25,"7","SULF2"
4.4699524008753e-28,2.29029364138302,0.686,0.094,1.46337301699855e-23,"7","RNASE6"
1.40621756948831e-25,2.75165936355636,0.914,0.232,4.60367507899083e-21,"7","HLA-DQB1"
7.45400708492548e-25,3.54913692511938,0.257,0.016,2.4402928394629e-20,"7","MYCL"
1.96158059101791e-24,2.04408287012489,0.971,0.256,6.42182253887442e-20,"7","HLA-DMA"
2.64846726240403e-24,2.48126775358801,0.457,0.05,8.67055212365832e-20,"7","CD1D"
3.58298770887762e-24,2.9556605177555,0.343,0.029,1.17299851613236e-19,"7","CSF2RA"
5.44025286434417e-24,2.27915140639507,0.686,0.113,1.781029982729e-19,"7","KLF4"
6.94538832188816e-24,2.5998423893892,1,0.343,2.27378122881975e-19,"7","HLA-DRB5"
1.06427995404237e-23,2.55615035048186,0.543,0.073,3.48423971354392e-19,"7","IL1B"
1.27924671071241e-23,2.68470304673455,0.371,0.034,4.18799788153028e-19,"7","SEMA4A"
1.69665092575783e-23,2.5933895857005,1,0.39,5.55449580074599e-19,"7","CST3"
2.39207670671765e-23,2.71820499780921,1,0.487,7.83118072245223e-19,"7","HLA-DPA1"
4.20261324407721e-23,2.33219517325211,0.514,0.065,1.375851523846e-18,"7","YIF1B"
8.78028339591419e-23,2.91987374902036,1,0.512,2.87448917815439e-18,"7","HLA-DPB1"
1.12051557212794e-22,2.69071561647494,1,0.453,3.66834388003246e-18,"7","HLA-DRB1"
1.42483534898172e-22,3.21214709939202,0.486,0.06,4.66462596549637e-18,"7","CD302"
2.08162287956029e-22,3.18958045379361,0.286,0.022,6.81481698310446e-18,"7","LMO2"
2.55372049241317e-22,1.85559688503175,0.857,0.172,8.36037014806225e-18,"7","HLA-DMB"
1.410444650799e-21,1.83219637998793,0.943,0.233,4.61751369778578e-17,"7","GRN"
2.09659196967443e-21,2.83278032125974,0.429,0.05,6.86382279032015e-17,"7","CCDC50"
5.4762118718889e-21,2.76057364525042,0.257,0.019,1.79280224261899e-16,"7","C10orf128"
1.29876288612178e-20,2.14159999023155,0.257,0.019,4.25188993658547e-16,"7","PPP1R14A"
1.89145619285476e-20,2.50651353404609,1,0.554,6.19224928416791e-16,"7","HLA-DRA"
2.52472541966221e-20,3.10549622430854,0.4,0.048,8.26544607889015e-16,"7","LILRB4"
1.7856428327716e-19,1.87148474672573,0.6,0.102,5.84583750592767e-15,"7","IGSF6"
1.89787970050087e-19,3.35250293998504,0.6,0.105,6.21327856349976e-15,"7","ALDH2"
2.89554076127404e-19,2.79977708557832,0.257,0.021,9.47942134425896e-15,"7","GNA15"
3.28960141538369e-19,2.81153179200847,0.429,0.057,1.07694971136831e-14,"7","ID1"
5.69699987128911e-19,2.61598939777779,0.286,0.026,1.86508381786263e-14,"7","SPATS2L"
1.03188260708826e-18,1.75277953590864,0.514,0.075,3.37817727908555e-14,"7","SYK"
1.1901183861749e-18,2.27083631953299,1,0.842,3.89620957265938e-14,"7","CD74"
1.46784265489611e-17,2.40608839403641,0.371,0.046,4.80542328359889e-13,"7","ZNF385A"
1.62856795986522e-17,1.8114519149828,0.943,0.289,5.33160578700676e-13,"7","AP1S2"
1.85163872090702e-17,1.83792009028866,0.771,0.172,6.06189484450539e-13,"7","RNF130"
1.04952996933279e-16,1.71214714689075,0.714,0.148,3.4359512136017e-12,"7","LAP3"
1.06719531361951e-16,1.76736455354516,0.829,0.206,3.49378401772754e-12,"7","LGALS2"
1.12016391654649e-16,1.89040703157987,0.686,0.149,3.66719262998989e-12,"7","SPINT2"
2.38509629660102e-16,1.68150238557087,0.743,0.17,7.80832825581242e-12,"7","CTSH"
5.41140725724957e-16,2.04614803718596,0.286,0.03,1.77158650787836e-11,"7","TRIM33"
5.86226610344976e-16,1.54973674763203,0.314,0.036,1.91918867694738e-11,"7","C12orf45"
7.00839875219625e-16,1.50198355680388,0.343,0.042,2.29440958349401e-11,"7","HAVCR2"
7.34425728431328e-16,2.19249353385773,0.429,0.065,2.40436294973848e-11,"7","FUOM"
2.0756460711498e-15,1.53153660096387,0.314,0.037,6.79525010773021e-11,"7","BLNK"
2.12841865814246e-15,1.55052376898477,0.543,0.099,6.96801700302679e-11,"7","RGS1"
4.20895852229357e-15,1.78800093922778,0.543,0.101,1.37792884102847e-10,"7","TGFBI"
9.92624880017566e-15,1.63608153579045,0.743,0.184,3.24965533220151e-10,"7","LY86"
1.32282528666955e-14,1.69657193157852,0.4,0.061,4.33066542349877e-10,"7","TNFAIP2"
1.95200697194782e-14,1.43566847104209,1,0.415,6.39048042476277e-10,"7","GPX1"
2.44458561851929e-14,1.40452060019066,0.8,0.206,8.00308439790846e-10,"7","SPI1"
2.48691928166315e-14,1.77146812684165,0.8,0.225,8.14167634430881e-10,"7","CAPG"
3.03406265819226e-14,1.3463916261352,0.829,0.226,9.93291433038982e-10,"7","FCGRT"
4.054990618781e-14,1.59594148778513,0.486,0.086,1.32752282877652e-09,"7","ARF3"
4.56725561621182e-14,2.01696550668733,0.771,0.201,1.49522814363543e-09,"7","CFP"
4.72667452529902e-14,1.31453015976572,0.914,0.29,1.54741870609239e-09,"7","H2AFY"
5.72023831270803e-14,2.13785605776101,0.4,0.065,1.87269161881435e-09,"7","DDAH2"
6.84337430065747e-14,1.61185569267348,1,0.453,2.24038387854924e-09,"7","GSTP1"
1.23975203473603e-13,1.10880156118189,0.6,0.124,4.05870021131883e-09,"7","TPM4"
1.88717593468649e-13,1.97842690283592,0.371,0.057,6.17823657497663e-09,"7","FAM105A"
2.42201657244745e-13,1.24233109452451,1,0.54,7.92919785487847e-09,"7","LSP1"
2.8014017119496e-13,1.97067213202807,0.286,0.036,9.17122892458060e-09,"7","VCL"
3.20220613101575e-13,1.50946592310414,0.429,0.072,1.04833824317194e-08,"7","IGFLR1"
4.3260955795333e-13,1.78715286995887,0.971,0.6,1.41627717082761e-08,"7","LYZ"
5.84934990768506e-13,1.81354744565886,0.343,0.051,1.91496017277793e-08,"7","MBOAT7"
1.09828278254814e-12,1.70727781111904,0.543,0.121,3.5955581735061e-08,"7","MNDA"
1.22469477693151e-12,1.22263071156062,0.657,0.159,4.00940576071837e-08,"7","IFI30"
1.48925943423166e-12,1.72616426359685,0.343,0.052,4.8755375357876e-08,"7","CYSTM1"
1.5408754104159e-12,1.85106426705864,0.343,0.053,5.04451791861958e-08,"7","CD86"
1.66470317959793e-12,2.24856048006599,0.257,0.032,5.44990526936771e-08,"7","MGST2"
2.27635881512393e-12,2.65148342432276,0.257,0.033,7.45234348895274e-08,"7","FABP5"
3.22777436505867e-12,1.43484399105187,1,0.799,1.05670877163291e-07,"7","VIM"
3.23011336404984e-12,1.30352428004382,0.686,0.168,1.05747451312264e-07,"7","LGALS9"
4.80273466496914e-12,1.35153592026464,0.8,0.235,1.5723192746176e-07,"7","SAMHD1"
7.42295721274528e-12,1.381173683297,0.457,0.087,2.43012773230855e-07,"7","UBL7"
7.70030695869383e-12,1.26808479340823,0.6,0.153,2.52092649213719e-07,"7","MS4A6A"
7.80247798233043e-12,1.46222220650969,0.943,0.431,2.55437524185534e-07,"7","ANXA2"
1.92536123258438e-11,1.48357694134212,0.543,0.122,6.30324760323473e-07,"7","FDFT1"
1.93603434501188e-11,1.96902933833659,0.314,0.05,6.33818923869991e-07,"7","PAK1"
2.06985142015836e-11,2.05979168617803,0.257,0.035,6.77627957931445e-07,"7","KIAA0930"
2.70838066114746e-11,1.47977807306578,0.429,0.081,8.86669660846456e-07,"7","BZW2"
2.83379504722337e-11,1.13879250361757,0.914,0.346,9.27727822559987e-07,"7","AP2S1"
4.26088235759116e-11,1.39917085312751,0.429,0.084,1.39492766622819e-06,"7","PTPRE"
4.69830603669199e-11,1.38000120611563,0.943,0.471,1.53813143029222e-06,"7","LGALS1"
6.25977637557987e-11,1.13899303045947,0.714,0.2,2.04932558983734e-06,"7","BID"
6.88209135535856e-11,1.53518177111871,0.486,0.108,2.25305906791728e-06,"7","CTSZ"
6.90438127151565e-11,1.21009926605749,0.943,0.341,2.26035634066879e-06,"7","TYMP"
7.8191004383689e-11,1.6149016705099,0.4,0.077,2.55981710151321e-06,"7","PLEKHO1"
8.04743833913432e-11,1.38805610736702,0.6,0.156,2.6345703634658e-06,"7","TNFSF13B"
1.00719427456101e-10,1.38724884882002,0.6,0.151,3.29735261605784e-06,"7","POMP"
1.11998844520987e-10,1.13497275386542,0.286,0.044,3.66661817192808e-06,"7","TAF10"
1.23251387017531e-10,1.6155634026651,0.286,0.043,4.03500390817992e-06,"7","RAB22A"
1.47073512080509e-10,1.75004727920157,0.257,0.036,4.81489263849172e-06,"7","SCAMP4"
1.53711349832519e-10,1.10737170393757,1,0.483,5.032202170817e-06,"7","GABARAP"
1.64713242117331e-10,1.34353780496303,0.343,0.059,5.39238212043718e-06,"7","NME1-NME2"
1.77600548262548e-10,1.85098071976458,0.286,0.045,5.8142867490193e-06,"7","RASSF4"
1.9694851199334e-10,2.16189100453651,0.257,0.038,6.44770038563797e-06,"7","KLF10"
2.26479695897289e-10,1.48802953513006,0.543,0.136,7.41449228428544e-06,"7","PLSCR1"
2.83265958906426e-10,1.62526986168267,0.343,0.062,9.27356096267857e-06,"7","COA5"
3.5015855487737e-10,1.12629764335257,0.4,0.079,1.14634907695753e-05,"7","HSH2D"
3.60529115285843e-10,1.92551157346531,0.257,0.038,1.18030021762279e-05,"7","UBE2E2"
3.99914058034987e-10,1.45443917779405,0.429,0.09,1.30923864319494e-05,"7","TPP1"
4.00679217840524e-10,0.758574790136806,0.971,0.35,1.31174362336631e-05,"7","FCER1G"
4.07161040619688e-10,1.5946440265929,0.314,0.054,1.33296381478074e-05,"7","REPIN1"
5.19118366698823e-10,1.47196357140176,0.743,0.257,1.69948970889861e-05,"7","AMICA1"
7.60271256813874e-10,1.49212655744023,0.286,0.046,2.48897604055726e-05,"7","NECAP1"
9.35043110743222e-10,1.30402455684001,0.486,0.114,3.06114413595116e-05,"7","ERCC1"
9.45403785139747e-10,1.32740547066647,0.371,0.072,3.0950629117905e-05,"7","NDUFV3"
1.02197309644064e-09,2.60051805485794,0.314,0.058,3.34573552312737e-05,"7","ITM2C"
1.06957490061414e-09,2.05740422891715,0.257,0.04,3.50157430963056e-05,"7","KPNA2"
1.08839979312697e-09,1.66371728873173,0.257,0.04,3.56320324273908e-05,"7","APOBR"
1.09031599392616e-09,1.1698963404111,0.543,0.134,3.56947650091547e-05,"7","ACAA1"
1.2819365451356e-09,1.6412226210479,0.286,0.048,4.19680386146494e-05,"7","GNL2"
1.3222101229544e-09,1.49131619492286,0.343,0.065,4.32865150052812e-05,"7","IFNAR1"
1.36620572859384e-09,0.894571513484598,0.629,0.17,4.4726843142705e-05,"7","NCF2"
1.48326340097103e-09,1.36346524427894,0.771,0.302,4.85590772209896e-05,"7","RNH1"
1.61522204176052e-09,1.66145320108965,0.286,0.048,5.28791392031559e-05,"7","HSCB"
1.81071455424434e-09,0.785737205152723,1,0.993,5.92791730768513e-05,"7","ACTB"
1.85936211634589e-09,0.893129701134881,1,0.681,6.08717969649319e-05,"7","EIF4A1"
2.10564407953905e-09,1.48958150176228,0.343,0.066,6.89345758759493e-05,"7","MAP4K1"
2.44037993715511e-09,0.964972070739867,0.914,0.364,7.9893158382584e-05,"7","PYCARD"
2.52631180368161e-09,0.966538649559544,0.971,0.433,8.27063958289285e-05,"7","RAC1"
2.85806691314931e-09,1.02207993496557,0.514,0.13,9.35673946026822e-05,"7","PRDX3"
3.16067472051343e-09,1.50503046206017,0.314,0.058,0.000103474169000169,"7","IL6R"
3.89578804105201e-09,1.45788126020021,0.314,0.059,0.000127540308887961,"7","CMPK2"
3.939231708075e-09,0.487290501622449,0.914,0.349,0.000128962567658959,"7","LST1"
4.5564995695658e-09,1.25043907409686,0.371,0.079,0.000149170682908445,"7","BTK"
5.63981058048752e-09,1.17050532613361,0.486,0.119,0.000184636118784,"7","NAGK"
5.86497555304488e-09,1.05074451961349,0.486,0.119,0.000192007569655583,"7","EIF4EBP1"
6.82273247980896e-09,1.05392790980539,1,0.506,0.000223362615923986,"7","TAGLN2"
6.96605568394257e-09,1.03272417015866,0.371,0.077,0.000228054730980912,"7","CPSF6"
8.11304089047459e-09,1.57954885991497,0.371,0.082,0.000265604732672357,"7","RAB32"
8.55161365726739e-09,0.667413006116306,1,0.39,0.00027996272791162,"7","TYROBP"
8.80343430383957e-09,1.2350743239272,0.6,0.177,0.0002882068322391,"7","EPSTI1"
9.87891396775105e-09,2.03282276645859,0.286,0.053,0.000323415885476234,"7","BHLHE40"
1.12215965465205e-08,1.15759636633681,0.8,0.292,0.000367372627739989,"7","ARF5"
1.19664117110583e-08,1.14911028641887,0.971,0.594,0.000391756386596628,"7","SRGN"
1.29357182879991e-08,1.21783414666846,0.457,0.11,0.000423489545312514,"7","WDR61"
1.32811689374287e-08,0.782212280862755,1,0.745,0.000434798908673542,"7","ARPC1B"
1.33244290516172e-08,1.63058302017706,0.257,0.044,0.000436215158291844,"7","FES"
1.35594139008604e-08,1.28202613442393,0.486,0.124,0.000443908092286368,"7","AKIRIN2"
1.36254065468912e-08,1.34573041067651,0.371,0.081,0.000446068559532123,"7","UNC93B1"
1.73097185779064e-08,1.35163999598907,0.343,0.071,0.000566685566803501,"7","EMC8"
1.76103496818307e-08,1.79582311783258,0.257,0.045,0.000576527627883775,"7","CD300C"
1.81346515812501e-08,1.4099668662477,0.257,0.044,0.000593692223466967,"7","IDH3A"
2.11562233116031e-08,1.32963788646694,0.857,0.426,0.000692612438775261,"7","TUBA1B"
2.52080805626185e-08,1.08838856696649,0.629,0.188,0.000825262141459006,"7","CYC1"
2.52198479151036e-08,1.14721067569314,0.457,0.114,0.000825647381044662,"7","GNB1"
2.53153817056377e-08,1.01638416377145,0.8,0.301,0.000828774966279166,"7","ANXA5"
2.54247632750586e-08,1.69887916446831,0.257,0.046,0.000832355900098868,"7","NAGA"
2.78555914027361e-08,1.44521059978306,0.257,0.045,0.000911936351342775,"7","CCDC22"
2.79257239747923e-08,1.10562769307972,0.657,0.219,0.00091423235148675,"7","CEBPD"
2.94456864598558e-08,1.88952147488316,0.314,0.068,0.000963992883322758,"7","CDKN1A"
3.58526655548611e-08,1.17201852562573,0.4,0.094,0.00117374456493504,"7","HEXA"
3.86454888585635e-08,1.05880792939782,0.543,0.157,0.00126517601425165,"7","BLVRB"
3.89547419045605e-08,1.33142305448334,0.4,0.096,0.0012753003404715,"7","C17orf49"
4.23474911996089e-08,1.46265178779812,0.314,0.065,0.0013863721668928,"7","SLC35B1"
4.27671140651992e-08,1.39127323768437,0.314,0.064,0.00140010978026649,"7","ARMC10"
4.31666135891617e-08,1.28837280891109,0.343,0.074,0.00141318859568198,"7","EI24"
4.64690140836225e-08,1.70837211592727,0.286,0.056,0.00152130258306963,"7","MPST"
4.66812676732382e-08,1.12538077345023,0.457,0.117,0.00152825134108647,"7","DNAJC4"
4.83218255098613e-08,1.49605017168056,0.257,0.046,0.00158195992354184,"7","PER1"
5.01827595802685e-08,0.992992462578509,0.314,0.064,0.00164288318313883,"7","TOP1"
5.15029033722906e-08,1.41471664410377,0.286,0.056,0.00168610205060205,"7","MLEC"
5.47593134076739e-08,1.23311373536279,0.343,0.075,0.00179271040234043,"7","APIP"
5.57299419048474e-08,0.697280122873179,0.543,0.155,0.0018244868380809,"7","PQBP1"
5.77564162979606e-08,1.02867026688304,0.743,0.271,0.00189082955676263,"7","RGS2"
6.17897881024642e-08,0.836202052065448,0.857,0.337,0.00202287408289847,"7","LAMTOR1"
6.43947198300977e-08,1.16420760440788,0.314,0.065,0.00210815433779774,"7","NME1"
6.91257673298311e-08,1.42173083227656,0.314,0.066,0.00226303937084401,"7","NIPSNAP3A"
7.00890601845872e-08,0.834284529226362,0.343,0.075,0.00229457565232302,"7","CRTAP"
7.48173290299317e-08,1.48086726131337,0.4,0.103,0.0024493697177819,"7","CFDP1"
7.68807740630482e-08,1.19401872746484,0.914,0.638,0.00251692278127607,"7","S100A10"
7.86506579233036e-08,1.60911601831346,0.286,0.057,0.00257486523909311,"7","MAGEF1"
7.90223307316965e-08,1.10693179335458,0.314,0.065,0.00258703306349428,"7","TMEM55B"
8.69843246905865e-08,0.762892877468043,1,0.849,0.00284769282172042,"7","GAPDH"
8.86004506231567e-08,2.34263541251261,0.286,0.06,0.0029006015525009,"7","LMNA"
9.27295233104216e-08,0.934148514384319,0.657,0.21,0.00303577913413658,"7","FGR"
1.02175734344564e-07,1.10955262930829,0.486,0.132,0.00334502919097234,"7","NDUFV1"
1.13434540035071e-07,1.3590362571642,0.257,0.048,0.00371361997166815,"7","TMEM69"
1.19296144582003e-07,1.49304716855083,0.314,0.068,0.00390551718132562,"7","CSF1R"
1.23756778694132e-07,0.500185181533792,1,0.993,0.00405154942088849,"7","TMSB10"
1.25399596622303e-07,1.30710256316965,0.343,0.078,0.00410533199422094,"7","SCIMP"
1.26247405241839e-07,0.919781773252024,0.371,0.088,0.00413308755280732,"7","ILF3"
1.37318555256049e-07,0.953036541964035,0.514,0.144,0.00449553486197255,"7","AKR1A1"
1.40066711485672e-07,0.840576671019728,0.943,0.625,0.00458550400061792,"7","COTL1"
1.42943423412123e-07,1.46840816546918,0.286,0.059,0.00467968179566609,"7","MAP3K11"
1.44707984274749e-07,1.39656766999284,0.286,0.058,0.00473744998918672,"7","NRROS"
1.4706077485971e-07,1.01027384802767,0.914,0.464,0.00481447564735718,"7","PRELID1"
1.52099700179461e-07,1.12012079281469,0.314,0.068,0.00497943998447521,"7","UPF3B"
1.6930175606722e-07,1.76759490326171,0.286,0.06,0.00554260089012866,"7","HEBP2"
1.76375364974284e-07,0.958202281643861,0.8,0.292,0.0057741766985281,"7","PGLS"
1.83130276634408e-07,0.837922645373953,0.571,0.167,0.00599531899645725,"7","FIBP"
1.93945693551532e-07,0.784604587995002,0.486,0.129,0.00634939411549004,"7","ETFA"
1.95731749118496e-07,0.812215953918408,0.4,0.1,0.00640786600264132,"7","USF2"
1.97068996379934e-07,0.934902198973042,0.257,0.05,0.00645164480348629,"7","TMEM55A"
2.05676101311292e-07,1.72718574265959,0.286,0.06,0.00673342420472906,"7","SLC39A3"
2.10396636624028e-07,0.896314745858316,0.286,0.058,0.00688796508979743,"7","TOMM40"
2.14293151266837e-07,0.697087723071367,1,0.862,0.0070155291861737,"7","ACTG1"
2.16366358396585e-07,0.308913773089737,0.914,0.367,0.00708340184118741,"7","AIF1"
2.24734419173948e-07,1.31283284415809,0.257,0.05,0.00735735541491671,"7","PPP3R1"
2.40030018346365e-07,1.01686644769879,0.629,0.207,0.0078581027406233,"7","ATG3"
2.45768993993908e-07,0.848542415466606,0.429,0.109,0.00804598532537255,"7","THRAP3"
2.541014554689e-07,0.979492790830445,0.486,0.138,0.00831877344914085,"7","YWHAE"
2.61394926563671e-07,0.254485879683538,1,0.99,0.00855754710584146,"7","FTH1"
2.67535666947444e-07,1.1530834208415,0.314,0.07,0.00875858266452542,"7","NUP210"
2.76434770447893e-07,0.977759232890883,0.286,0.06,0.00904992151492313,"7","ISOC2"
2.9733393240441e-07,0.856904788315527,0.286,0.06,0.00973411827905559,"7","CTNNBIP1"
3.01265350109095e-07,1.28261153687163,0.286,0.061,0.00986282503187155,"7","GAPT"
3.21622134743871e-07,1.13127560844706,0.657,0.234,0.0105292654472448,"7","APEX1"
3.30255683499166e-07,0.955968683036157,0.286,0.06,0.0108119105663957,"7","DAPP1"
3.34965872823812e-07,1.48561665941757,0.4,0.105,0.010966112744506,"7","REL"
3.66947550363595e-07,1.02888758634784,0.514,0.153,0.0120131289038034,"7","CMTM3"
4.06282413665139e-07,0.807580046096939,0.829,0.318,0.0133008736585693,"7","ATP5J2"
4.10598273772106e-07,1.06274305235636,0.371,0.095,0.0134421662867512,"7","SAMD9L"
4.23909918169154e-07,1.74330241784156,0.257,0.053,0.0138779629010218,"7","MICAL1"
4.32734360856419e-07,1.74897299293407,0.257,0.052,0.0141668575057175,"7","FBXO6"
4.61808919192163e-07,1.31098996713142,0.314,0.072,0.015118700396513,"7","PRCP"
4.6725926441487e-07,1.45728567690894,0.257,0.052,0.015297133798414,"7","C21orf2"
4.90906886232334e-07,1.47493541366191,0.257,0.053,0.0160713096414742,"7","ARHGEF40"
5.0602674064148e-07,1.64171888759116,0.8,0.383,0.0165663034351208,"7","C1orf162"
5.23130689222305e-07,1.12813697803759,0.314,0.072,0.0171262525037598,"7","CD83"
5.23882027637712e-07,2.22719482921307,0.4,0.104,0.0171508498208034,"7","FKBP3"
5.27121884328713e-07,1.01197717999139,0.829,0.365,0.0172569162491534,"7","CSTB"
5.28191566845513e-07,1.10312083500762,0.343,0.082,0.0172919355153884,"7","SF3B4"
5.28966266158241e-07,1.10495815175881,0.571,0.186,0.0173172976214885,"7","TMED10"
5.72903417120526e-07,1.13839105930492,0.257,0.052,0.0187557120696918,"7","RAD50"
5.97628973970877e-07,0.67824293147842,0.429,0.113,0.0195651773498586,"7","AAMP"
6.03952961224099e-07,1.4650344247784,0.286,0.063,0.0197722120445546,"7","FAM46A"
6.19188926671417e-07,1.22627332391839,0.457,0.133,0.0202710070813689,"7","OS9"
6.42155823853257e-07,1.33830251873721,0.371,0.1,0.0210228973613079,"7","CPPED1"
7.07701486167693e-07,0.798719887707578,0.343,0.085,0.0231687312541579,"7","PLBD1"
7.11193476274206e-07,0.657659870384293,0.629,0.207,0.023283052026265,"7","SUMO3"
8.02540281742394e-07,0.522692792812569,1,0.949,0.0262735637436825,"7","RPS11"
8.22503190367047e-07,1.10412921324345,0.371,0.095,0.0269271094462364,"7","YIF1A"
8.47529755492341e-07,0.358748880758328,0.486,0.141,0.0277464291353083,"7","DNAJC15"
8.56946160906706e-07,1.14568753607908,0.257,0.053,0.0280547034157637,"7","DNAJB12"
8.81389882809427e-07,0.945984796157024,0.714,0.261,0.028854941983415,"7","GNB2"
8.87796468173912e-07,1.12209711302806,0.314,0.074,0.0290646807750775,"7","MAP7D1"
9.18482744072342e-07,0.934196187353497,0.343,0.083,0.0300692880754403,"7","FAM133B"
9.54482431898145e-07,1.03193682891093,0.371,0.096,0.0312478458554815,"7","LILRB2"
9.69019261074135e-07,0.887261432348455,0.629,0.219,0.031723752569045,"7","LAMTOR2"
9.74322598377227e-07,0.864947861333094,0.286,0.063,0.0318973732256737,"7","PAFAH1B1"
9.7661311842934e-07,1.0669713407341,0.371,0.096,0.0319723602711397,"7","ATP2B1"
1.03853572199113e-06,0.67101922971101,0.514,0.151,0.0339995824665455,"7","EIF4E2"
1.04807906367012e-06,0.923455872736155,0.657,0.209,0.0343120123864325,"7","SNRPD1"
1.10247293669204e-06,1.98907329238153,0.371,0.107,0.036092759001424,"7","IRF8"
1.12543890108509e-06,0.978765826970919,0.4,0.106,0.0368446187437235,"7","HNRNPD"
1.1539661273797e-06,0.40269970593378,0.571,0.173,0.0377785430781565,"7","C16orf13"
1.1915739422326e-06,2.02179384573891,0.371,0.098,0.039009747720811,"7","DUSP23"
1.30425148627881e-06,1.05943756666815,0.286,0.065,0.0426985851577955,"7","HAUS1"
1.31440323081516e-06,1.1670281170344,0.286,0.065,0.0430309329704268,"7","RAB11FIP1"
1.32147223608907e-06,1.35235043296991,0.286,0.065,0.0432623580650839,"7","MRPS25"
1.34865458283647e-06,1.34437122009427,0.543,0.188,0.0441522537329005,"7","PPT1"
1.3732754798023e-06,1.0703769372834,0.429,0.123,0.0449582926577677,"7","URM1"
1.3796409979067e-06,0.849988605583434,0.943,0.502,0.0451666869894697,"7","VAMP8"
1.41049462207075e-06,0.777797987370995,0.257,0.054,0.0461767729373522,"7","LTV1"
1.50271276311766e-06,1.17263047536301,0.286,0.065,0.049195810438946,"7","PSMG3"
1.57085660626061e-06,0.765495055747827,1,0.831,0.0514267035757599,"7","SLC25A6"
1.61383239744619e-06,0.786595264784313,0.771,0.307,0.0528336450275933,"7","RAB7A"
1.61645223450839e-06,1.36726001440155,0.286,0.066,0.0529194132533356,"7","DNM2"
1.66024958384763e-06,0.819992672124721,0.486,0.143,0.0543532508760036,"7","RNF5"
1.713611611165e-06,0.807141229392361,0.629,0.224,0.0561002169263198,"7","FAM26F"
1.75812289944498e-06,0.642269889853122,0.4,0.109,0.0575574274820296,"7","TMEM205"
1.80110547676974e-06,2.06847479904788,0.429,0.136,0.0589645910984878,"7","CAT"
1.91446474536314e-06,0.523580800458208,0.543,0.166,0.0626757468336986,"7","SAT2"
1.98094796365613e-06,0.646813666000022,1,0.845,0.0648522744341745,"7","CYBA"
2.11609760004648e-06,0.736648079790721,0.486,0.143,0.0692768032303217,"7","NDUFA8"
2.17656669971699e-06,0.85623201857838,0.571,0.192,0.0712564406153348,"7","VPS29"
2.22009048894629e-06,1.13726039651721,0.571,0.199,0.0726813224271237,"7","NDUFAB1"
2.32468237095193e-06,0.49154223392976,1,0.52,0.0761054514602242,"7","S100A11"
2.3917982819271e-06,1.0261609458274,0.657,0.274,0.0783026921537293,"7","CNPY3"
2.45425382628394e-06,0.91039373533133,0.4,0.112,0.0803473617648837,"7","NANS"
2.46456857087844e-06,1.23741357717649,0.286,0.068,0.0806850458734184,"7","ICT1"
2.66058622803862e-06,0.717143972282902,0.4,0.112,0.0871022719335284,"7","CSF3R"
2.74122490268224e-06,1.34605858917023,0.314,0.081,0.0897422208640112,"7","ATP6AP1"
2.8075425429036e-06,1.13817426821816,0.343,0.09,0.091913327769578,"7","LARP7"
2.84565002821657e-06,1.15110914621286,0.4,0.118,0.0931608906237539,"7","TPGS1"
2.88460452571474e-06,0.923071302619488,0.371,0.1,0.0944361829628492,"7","SEC13"
2.92573413776115e-06,0.754001249574874,0.629,0.212,0.0957826842020245,"7","RNF181"
3.00574652940528e-06,0.485860877426386,0.343,0.087,0.0984021298796702,"7","PLEKHF2"
3.12618957077658e-06,0.837991235574056,0.657,0.233,0.102345194168084,"7","HMGN3"
3.16208557176808e-06,1.07084580277839,0.371,0.103,0.103520357448543,"7","PFKL"
3.20148259004036e-06,1.23184639464373,0.714,0.288,0.104810137032741,"7","GNG5"
3.34052594757231e-06,0.545863326316165,0.657,0.241,0.109362138471622,"7","LGALS3"
3.34074303465364e-06,0.514201654117126,0.257,0.057,0.109369245468491,"7","RRAGC"
3.50980029327522e-06,0.914754176349323,0.629,0.22,0.114903842001244,"7","EIF6"
3.52145911567759e-06,0.996876400668269,0.286,0.068,0.115285528529053,"7","ELMO1"
3.55943378875699e-06,1.37462328096193,0.257,0.058,0.116528743376326,"7","MFSD1"
3.58129655687872e-06,1.3673298790422,0.286,0.07,0.117244486679095,"7","POLR2A"
3.75330193000394e-06,1.33054295069283,0.314,0.081,0.122875598584469,"7","SNAP29"
4.25723390269594e-06,0.898411623634463,0.829,0.401,0.13937332350646,"7","ATP5B"
4.3562294152969e-06,0.948874280175542,0.4,0.116,0.14261423859799,"7","CHPT1"
4.44952718881317e-06,1.15590825244103,0.257,0.058,0.145668621107366,"7","ARHGAP27"
4.47737682022838e-06,0.62479041473915,1,0.64,0.146580362340637,"7","CLIC1"
4.49794681790293e-06,1.11689536704678,0.314,0.081,0.147253782924506,"7","RBM42"
4.64337838154603e-06,1.10041571510425,0.257,0.058,0.152014921455054,"7","MIIP"
4.83949428793317e-06,0.746985332710385,0.371,0.104,0.158435363998356,"7","NCKAP1L"
4.90889742686483e-06,0.911131627619892,0.371,0.105,0.160707483960701,"7","MPEG1"
5.0375395968628e-06,0.988086022294395,0.343,0.092,0.164918971322094,"7","JOSD2"
5.26001135424762e-06,0.949688555176902,0.8,0.382,0.172202251715358,"7","ID2"
5.53651135328593e-06,0.639565048659526,0.629,0.217,0.181254308683875,"7","DDIT4"
5.56438993697243e-06,0.289844507520053,0.6,0.195,0.182166997756603,"7","CTSB"
5.5729279559e-06,1.49991542272611,0.286,0.072,0.182446515420254,"7","UCHL3"
5.65110660502457e-06,0.728915887195583,0.429,0.129,0.185005928035294,"7","PMAIP1"
5.71205803543745e-06,0.502810890723144,1,0.851,0.187001355964151,"7","MYL6"
5.83548009439247e-06,0.444693503512036,0.429,0.124,0.191041947330221,"7","VKORC1"
5.8706538920963e-06,0.576034505601775,0.371,0.103,0.192193467119449,"7","SNX5"
5.96934244478494e-06,0.813968282832446,0.429,0.128,0.195424332957369,"7","NAPA"
6.10910704825292e-06,1.06665407976831,0.4,0.118,0.199999946545704,"7","HMGA1"
6.20179877802716e-06,0.483905149886175,0.314,0.083,0.203034488395053,"7","IGFBP7"
6.23157570188736e-06,0.485993437221135,0.486,0.151,0.204009325328388,"7","C17orf62"
6.24554065143198e-06,0.837570424448885,0.4,0.123,0.20446650984658,"7","FGL2"
6.33281265389018e-06,0.961919965544695,0.714,0.31,0.207323620663057,"7","PPA1"
6.40895516789253e-06,0.999945228978694,0.286,0.071,0.209816374286466,"7","TACC1"
6.43683154569802e-06,0.525184047573031,0.543,0.171,0.210728991143062,"7","ADRM1"
6.45021955503893e-06,0.699732260644879,0.543,0.183,0.211167287792865,"7","OSTC"
6.4546560925405e-06,1.48595326181487,0.743,0.305,0.211312531157591,"7","ATP5C1"
6.49133174811544e-06,0.427767148175937,0.743,0.269,0.212513218769803,"7","TMEM219"
6.58563233952169e-06,0.676101324288889,0.571,0.192,0.215600431531261,"7","YWHAH"
6.82463738308582e-06,1.04363179326764,0.257,0.059,0.223424978647463,"7","DHX29"
6.94697258877641e-06,0.527658039249981,1,0.857,0.227429988611362,"7","SH3BGRL3"
7.31095622916872e-06,0.453423616342646,0.543,0.171,0.239346085030525,"7","SPG21"
7.41860425488167e-06,1.27162233803447,0.571,0.207,0.242870266096316,"7","HERPUD1"
7.43250449951557e-06,1.15022841501739,0.314,0.083,0.243325332305141,"7","INPP5D"
7.4571767285494e-06,0.965804545468736,0.4,0.119,0.24413305173925,"7","SCNM1"
7.5325952170196e-06,0.967935666450969,0.286,0.07,0.246602102214788,"7","VAMP3"
7.66048508650158e-06,0.746110650808586,0.257,0.059,0.250788960761889,"7","POLD2"
7.85488154925957e-06,1.02434044016183,0.4,0.121,0.25715311215966,"7","TMEM109"
7.876544152306e-06,0.594483153555507,0.543,0.176,0.257862302458194,"7","SSR3"
8.12841023371487e-06,1.18014838372619,0.286,0.072,0.266107894231357,"7","MRPL15"
8.1805467897979e-06,1.03123680068958,0.571,0.221,0.267814740804404,"7","IFITM3"
8.42078441179483e-06,0.891979329365365,0.314,0.084,0.275679640073339,"7","EIF2B1"
8.5220675911796e-06,0.817166290231158,0.914,0.494,0.278995448800038,"7","RNASET2"
8.63528728174315e-06,0.996968463601397,0.314,0.083,0.282702035029707,"7","PLD3"
8.73482875756227e-06,0.591756008087732,0.6,0.199,0.285960823865074,"7","APH1A"
8.87991280816484e-06,0.537825127182482,0.457,0.138,0.290710585513701,"7","PSMA4"
8.91465015845719e-06,0.730799053703843,0.486,0.155,0.291847816887571,"7","RBM17"
9.27546535301222e-06,0.608560691281085,0.286,0.07,0.303660184726914,"7","BRE"
9.9814846617419e-06,0.654768045901529,0.257,0.06,0.326773844856106,"7","PLIN3"
1.02295055526963e-05,0.549252313396756,0.4,0.118,0.334893552784172,"7","ODF3B"
1.10882771703605e-05,0.88952594128803,0.686,0.27,0.363008018003261,"7","ZNHIT1"
1.13294139832617e-05,0.763850839975589,0.286,0.072,0.370902354984023,"7","RAB4B"
1.15152111179887e-05,2.74434720847784,0.343,0.098,0.376984981580715,"7","CNDP2"
1.1679058157836e-05,0.740083574872908,0.571,0.199,0.382349005971235,"7","OXA1L"
1.17210133927615e-05,0.582828786059598,0.971,0.74,0.383722536452227,"7","PPIA"
1.18507573854612e-05,0.695589137657362,0.286,0.071,0.387970095285227,"7","MED6"
1.19813196961517e-05,0.949629707606906,0.4,0.123,0.392244444212615,"7","AOAH"
1.19854015518852e-05,1.45650157212621,0.257,0.063,0.392378076005617,"7","ACYP2"
1.23228074482596e-05,0.787830765178443,0.686,0.265,0.403424070241124,"7","RGS19"
1.24801283304906e-05,1.18672163143419,0.257,0.062,0.408574441283601,"7","TPMT"
1.29370349169631e-05,0.304326300629187,0.6,0.211,0.423532649111539,"7","SDHB"
1.30931439737777e-05,0.771760339429004,0.314,0.084,0.428643347413536,"7","PRDX4"
1.31826101701002e-05,0.771792179918857,0.514,0.173,0.431572291748742,"7","DCXR"
1.35263563188307e-05,0.743234397957659,0.8,0.385,0.442825853165878,"7","RHOG"
1.36788183677197e-05,0.657419069950577,0.314,0.084,0.447817155722406,"7","RBPJ"
1.37125425276733e-05,0.625513133578679,0.371,0.107,0.448921217270968,"7","IFI44"
1.40360454419075e-05,0.894651778705402,0.486,0.173,0.459512055677166,"7","ABI3"
1.47187424602373e-05,0.829056069602758,0.543,0.192,0.481862190663248,"7","MOB1A"
1.48292145424579e-05,1.0661480769863,0.343,0.099,0.485478825690987,"7","GRINA"
1.51355206849201e-05,0.893280656413965,0.314,0.085,0.495506676182915,"7","RPS6KA1"
1.51869343674669e-05,0.547395196190474,0.657,0.234,0.497189857322132,"7","NDUFS8"
1.58024707402856e-05,0.643345356834574,0.4,0.119,0.517341287095471,"7","RAB11A"
1.59879090741634e-05,0.377847066733028,0.486,0.155,0.523412167269961,"7","MPC2"
1.60109345416209e-05,1.89178542637205,0.457,0.161,0.524165975023584,"7","IRF7"
1.65292604524573e-05,0.713826812203195,0.257,0.062,0.541134928692546,"7","COMMD4"
1.65738054044056e-05,1.19906588740783,0.514,0.194,0.542593241329432,"7","ARL4C"
1.68647738182103e-05,0.924933474432559,0.343,0.1,0.552118965260567,"7","LRRC25"
1.73273581672869e-05,0.659692126109232,0.4,0.122,0.567263051680637,"7","NAPRT1"
1.80437926357075e-05,0.929504240551863,0.457,0.153,0.590717683307791,"7","MRPL41"
1.82855029275194e-05,0.925507947066462,0.943,0.542,0.598630794841129,"7","EIF3L"
1.83972284971263e-05,0.529139354179984,0.314,0.086,0.602288466538921,"7","GUSB"
1.88331916755207e-05,0.778539915592146,0.514,0.173,0.616561029073198,"7","BAG1"
1.95753317183732e-05,1.06193277586499,0.286,0.075,0.640857209796103,"7","DCTN6"
1.96972586054354e-05,1.04516541253104,0.257,0.064,0.644848852224745,"7","TOR2A"
2.00264218465139e-05,0.422805743824271,0.4,0.12,0.655624998411173,"7","BABAM1"
2.01528774247319e-05,0.907863710780266,0.486,0.167,0.659764901130872,"7","ATP6V1E1"
2.05785769061852e-05,0.740387684974442,0.4,0.124,0.67370145075469,"7","SMARCB1"
2.10624744463978e-05,0.657130913101751,0.571,0.211,0.689543288426173,"7","CLNS1A"
2.39994777413464e-05,0.965104490075123,0.286,0.076,0.785694902296197,"7","NRD1"
2.48223367741473e-05,0.439243576849256,0.486,0.16,0.812633661312033,"7","PHPT1"
2.48995326033151e-05,0.630869225978298,0.429,0.135,0.815160898367328,"7","SNRPG"
2.52215302573377e-05,0.596524938515557,0.686,0.249,0.825702457564722,"7","TCF25"
2.56485373729808e-05,0.851726703842802,0.4,0.126,0.839681816516645,"7","PTRHD1"
2.65792134050855e-05,0.356642202591083,0.457,0.146,0.870150288455689,"7","HCK"
2.66177853115386e-05,0.647048405494173,0.429,0.136,0.87141305552915,"7","ETHE1"
2.68384489928375e-05,0.511709063127695,0.857,0.342,0.878637143127513,"7","UQCR10"
2.70760076792341e-05,0.756195780880179,0.286,0.075,0.886414339402765,"7","CNPPD1"
2.71191893128017e-05,0.74199355990179,0.571,0.213,0.887828019722501,"7","MX1"
2.7171887348146e-05,1.78125177224507,0.4,0.126,0.889553248003602,"7","CAPNS1"
2.71908948720903e-05,0.879447844979139,0.429,0.138,0.890175516322492,"7","PTPN18"
2.72937159770437e-05,0.41091826439895,0.6,0.204,0.893541673656456,"7","CCT4"
2.94674610132759e-05,0.758682502899383,0.971,0.815,0.964705738652626,"7","ARPC3"
2.94832654182186e-05,0.939384386415496,0.314,0.089,0.96522314326164,"7","NAMPT"
2.98436072317888e-05,1.051782255293,0.371,0.116,0.977020013554302,"7","CBR1"
3.01024797048516e-05,0.76989890519145,0.914,0.426,0.985494980577431,"7","ATP5G3"
3.01103661848703e-05,1.09004396297625,0.371,0.117,0.985753168160284,"7","EIF4A3"
3.04137323374221e-05,0.733736005549726,0.286,0.076,0.995684769262526,"7","TRIAP1"
3.30446522837406e-05,0.925546809313454,0.257,0.065,1,"7","MRPS22"
3.36041321977913e-05,1.06633664659562,0.4,0.13,1,"7","NDUFS4"
3.42279016590738e-05,0.723084239874324,0.371,0.113,1,"7","THEMIS2"
3.44043884251585e-05,0.688581809228304,0.743,0.313,1,"7","CYCS"
3.48740788545908e-05,0.842533855699434,0.543,0.209,1,"7","NDUFB5"
3.63217368174589e-05,0.649274463583604,0.257,0.067,1,"7","DNTTIP1"
3.72597571665016e-05,1.21193918443117,0.343,0.108,1,"7","MIR24-2"
3.99470972074819e-05,0.800618430593997,0.286,0.079,1,"7","MTCH2"
4.17618236314496e-05,1.2011304645811,0.286,0.08,1,"7","PABPN1"
4.1979423274581e-05,0.984339298844913,0.257,0.066,1,"7","PAIP1"
4.20216441431812e-05,0.496424632929829,0.286,0.078,1,"7","FKBP5"
4.24994996268185e-05,0.620658863419679,0.514,0.189,1,"7","EFHD2"
4.26083882703394e-05,0.379280399701033,0.4,0.124,1,"7","TMEM208"
4.26664250799269e-05,0.568384902772829,0.457,0.156,1,"7","POU2F2"
4.30095177388425e-05,0.860952124930591,0.371,0.118,1,"7","COMMD9"
4.35140234618553e-05,0.585527658451264,0.371,0.112,1,"7","LAGE3"
4.46160810667141e-05,1.07779236705065,0.257,0.068,1,"7","CTA-29F11.1"
4.48470599876997e-05,1.04311977261157,0.286,0.079,1,"7","HDAC3"
4.63937947852022e-05,0.662872341408123,0.371,0.114,1,"7","SMIM12"
4.69387957467275e-05,0.950496011474822,0.257,0.067,1,"7","SH3BP2"
4.75388684278194e-05,1.05512738770892,0.371,0.12,1,"7","UBE2A"
4.82820117903045e-05,1.45951489098977,0.286,0.086,1,"7","SLC31A2"
4.84944874678253e-05,0.397888943480585,0.314,0.09,1,"7","LAT2"
4.8527124135469e-05,0.969777824385531,0.257,0.067,1,"7","BRD4"
4.91943568110567e-05,0.759310900534584,0.6,0.226,1,"7","NDUFS6"
5.00786986898577e-05,0.908479235629564,0.514,0.191,1,"7","SDHD"
5.0530759515742e-05,0.653013024390547,0.4,0.128,1,"7","CYTH4"
5.06488519912507e-05,0.369155284638652,0.429,0.136,1,"7","MRPL9"
5.19639876793854e-05,0.686875264575659,0.571,0.21,1,"7","PHB"
5.20537689629676e-05,0.53671016943795,0.714,0.284,1,"7","MRPL23"
5.53072929095794e-05,0.405751213023583,0.343,0.101,1,"7","FAM173A"
5.57769566936417e-05,0.397645018283099,0.514,0.179,1,"7","UQCRC1"
5.58634070216832e-05,0.470813024768338,0.6,0.217,1,"7","CAPN2"
5.62950492401603e-05,0.362241196846417,1,0.945,1,"7","PFN1"
5.70054566935364e-05,0.831671093907792,0.743,0.313,1,"7","SEC61B"
5.71362950760716e-05,0.849148756772268,0.457,0.164,1,"7","MIR142"
5.72712622806912e-05,0.654425723308425,0.543,0.203,1,"7","GLIPR1"
5.96304012904419e-05,0.734139990289064,0.371,0.116,1,"7","DR1"
6.02745695478823e-05,0.797870904072647,0.429,0.149,1,"7","H2AFJ"
6.0482039359261e-05,0.78973370185892,0.4,0.132,1,"7","SYNGR2"
6.09763763410357e-05,0.844711874150554,0.257,0.068,1,"7","HAUS4"
6.10931947380916e-05,1.23223199464782,0.257,0.07,1,"7","TOR3A"
6.11347876632615e-05,0.908586790662028,0.343,0.106,1,"7","MTMR14"
6.2105768728876e-05,0.854976209114245,0.286,0.08,1,"7","PDCD7"
6.35593948312515e-05,0.465641402430338,1,0.702,1,"7","ZFP36"
6.4837298989889e-05,0.794443626655303,0.543,0.203,1,"7","ATP5G1"
6.63186275140642e-05,1.08856890256334,0.514,0.191,1,"7","PFDN2"
6.8665784408593e-05,0.639218807933524,0.257,0.068,1,"7","VPS72"
7.09402251757524e-05,0.941400299080194,0.286,0.081,1,"7","MCRS1"
7.28389703485796e-05,0.6544750269089,0.457,0.159,1,"7","TXN2"
7.29392415463712e-05,0.631124262282988,0.486,0.17,1,"7","NAA10"
7.41885399554986e-05,2.12229207557593,0.429,0.152,1,"7","MRPL14"
7.75579674305761e-05,0.486142381824526,1,0.915,1,"7","CFL1"
7.79388419830732e-05,0.580503788174113,0.457,0.158,1,"7","C7orf50"
8.00263270087569e-05,0.678521714077086,0.457,0.161,1,"7","NDUFS3"
8.03490020165179e-05,0.834589592669664,0.829,0.381,1,"7","COX8A"
8.33867753958526e-05,0.808288632915806,0.257,0.069,1,"7","TM9SF2"
8.3625280326402e-05,0.793901369357317,1,0.739,1,"7","EIF3K"
8.39749198240435e-05,0.779806842951727,0.686,0.283,1,"7","UQCRFS1"
8.5433676292218e-05,1.7383351140792,0.629,0.3,1,"7","GDI2"
8.6207256636639e-05,0.479898116986213,0.657,0.262,1,"7","IFI44L"
8.68391874528548e-05,0.766668024185526,0.543,0.214,1,"7","C19orf10"
9.23372840822752e-05,0.693262589701918,0.257,0.07,1,"7","NBPF10"
9.25405236101218e-05,0.664878561373013,0.8,0.381,1,"7","LCP1"
9.51844221822433e-05,0.543005381960894,0.314,0.094,1,"7","LINC00152"
9.7754220282505e-05,0.797216323801749,0.314,0.095,1,"7","ESD"
9.96720861047745e-05,0.503371089689348,0.314,0.092,1,"7","ZSWIM7"
0.000103347483034074,0.619702907987091,0.429,0.146,1,"7","GTF3C6"
0.000103430730526874,0.278363324685542,0.429,0.142,1,"7","PMVK"
0.000104331431640971,0.498005899700886,0.914,0.498,1,"7","COX5B"
0.000105097324087747,0.447760604677154,0.286,0.083,1,"7","FCGR2A"
0.000105256184627114,1.07947332420253,0.257,0.072,1,"7","PTPN1"
0.000105485034836528,0.601625941702896,0.343,0.108,1,"7","TXNDC17"
0.000108097810639574,0.548938238120689,0.286,0.082,1,"7","RPL26L1"
0.000110248339370624,1.30559223885139,0.257,0.073,1,"7","MTHFD2"
0.000111707889838856,0.873962685215506,0.4,0.139,1,"7","MTCH1"
0.000114395072310962,0.520280788879096,0.571,0.232,1,"7","GADD45B"
0.000115440500502246,0.722612456620534,0.486,0.182,1,"7","DECR1"
0.000115608271079661,0.731842856247978,0.686,0.295,1,"7","GNAS"
0.000115972488088781,0.546520151396296,0.6,0.232,1,"7","ALKBH7"
0.000117163483304696,0.385147362239984,0.4,0.132,1,"7","PITHD1"
0.000118098838227931,0.853361928017234,0.4,0.138,1,"7","MLF2"
0.000118672813373294,0.326510790510021,1,0.911,1,"7","OAZ1"
0.000120575572772959,0.64510819259503,0.486,0.172,1,"7","CHMP4B"
0.00012251959853447,0.513154060284681,0.6,0.226,1,"7","DEK"
0.00012347805696919,1.07342164066219,0.314,0.101,1,"7","NOTCH2NL"
0.000123816947460253,0.66758200520668,0.657,0.298,1,"7","FAM49B"
0.000126873370911171,0.772753364037346,0.371,0.124,1,"7","TLN1"
0.000129434448286293,0.705872063271083,0.829,0.411,1,"7","RGS10"
0.000130750190979139,0.752403547534253,0.657,0.283,1,"7","AURKAIP1"
0.000132792005192741,0.629402020370349,0.686,0.296,1,"7","SUB1"
0.000136128817289273,0.585613010197346,0.571,0.219,1,"7","C19orf70"
0.000136386817004046,0.708527227595751,0.343,0.11,1,"7","MX2"
0.000138118402184463,0.62112890111572,0.457,0.166,1,"7","MED28"
0.000139754620054388,0.610628449740137,0.8,0.413,1,"7","ATP5A1"
0.000141102519528575,0.655914207140847,0.257,0.071,1,"7","ATXN2L"
0.00014347890631004,0.691387855042373,0.343,0.109,1,"7","PAK2"
0.000145306391440176,0.657531156659967,0.371,0.124,1,"7","CD300A"
0.000147630189458344,0.893241086775481,0.257,0.072,1,"7","FASTK"
0.000148503468291307,0.893354070354304,0.257,0.074,1,"7","PPP2R3C"
0.000151072820825327,0.673061133806734,0.429,0.153,1,"7","COMT"
0.00015212608145493,0.820795183796521,0.543,0.207,1,"7","XAF1"
0.000153226144501451,0.421945746727963,0.971,0.78,1,"7","S100A6"
0.000155253179182316,0.78880056974267,0.486,0.19,1,"7","SERPINB6"
0.00015709633175515,0.647669194507313,0.886,0.432,1,"7","COPE"
0.000158506248554797,0.942751130433856,0.429,0.165,1,"7","C14orf2"
0.000163242852926197,0.495841132735085,0.486,0.176,1,"7","PSMB4"
0.000164657420105307,1.16101204187896,0.829,0.481,1,"7","SRSF7"
0.000166217032320779,0.356593925700449,0.371,0.123,1,"7","NT5C"
0.000167099440316102,0.733114516059968,0.343,0.111,1,"7","MRPL3"
0.000167987481539559,0.806532249261413,0.4,0.138,1,"7","HM13"
0.000174873415099991,0.886720436077468,0.829,0.413,1,"7","NPC2"
0.000175765274399094,0.646578707764753,0.429,0.155,1,"7","ADI1"
0.00017629617037035,0.939720847937841,0.486,0.198,1,"7","NR4A2"
0.000176320335448303,2.32207704901087,0.371,0.124,1,"7","COMMD3"
0.00017712032878336,1.42298841775529,0.257,0.077,1,"7","NUBP1"
0.000178034115859288,0.754265543891877,0.286,0.086,1,"7","FAM192A"
0.000179488398606334,0.981112303511333,0.257,0.075,1,"7","FLYWCH2"
0.000180767535049182,0.539792219837054,0.886,0.46,1,"7","FKBP1A"
0.000182298726420336,0.889394969680356,0.257,0.073,1,"7","ZBTB7A"
0.000186270685681946,0.405310576015456,0.686,0.287,1,"7","GSTO1"
0.000187305174272113,0.560960425569077,0.8,0.367,1,"7","C1QBP"
0.000189245030407399,0.385797051271386,0.629,0.253,1,"7","ARRB2"
0.000197471950302756,1.11251187592009,0.857,0.505,1,"7","SLC25A5"
0.000197594837832708,0.290825374195539,0.714,0.283,1,"7","SUPT4H1"
0.000199003032367327,1.12212542238433,0.286,0.09,1,"7","PTPLAD2"
0.000204407550194075,0.375122221665233,0.4,0.134,1,"7","C11orf48"
0.000208972408711189,0.644898361736088,0.4,0.138,1,"7","COX16"
0.000216351511445428,0.741344713358966,0.343,0.113,1,"7","RPN1"
0.0002208040327586,0.754879024387232,0.257,0.074,1,"7","PPP1CB"
0.000224055546285572,0.612858097660377,0.371,0.126,1,"7","GLUD1"
0.000230595904670751,0.520636241361984,1,0.815,1,"7","YBX1"
0.000232276123659768,0.262693150872488,0.4,0.134,1,"7","OLA1"
0.000237524234010774,0.778709859868357,0.314,0.101,1,"7","WDR74"
0.000239531806808398,0.38973314497274,0.4,0.138,1,"7","ITGB7"
0.000250378219986221,0.293129478383965,0.4,0.141,1,"7","NCOA4"
0.000258646629991367,0.404711971870761,0.943,0.46,1,"7","DRAP1"
0.000262049976133687,0.525434769588531,0.286,0.086,1,"7","POLR2H"
0.000262127077683901,0.81704879185003,0.314,0.102,1,"7","PSMB5"
0.000272391365397884,0.859760961000434,0.314,0.104,1,"7","HEXB"
0.000277567746338349,0.539327957336446,0.314,0.101,1,"7","C19orf38"
0.000277662603565689,0.471695498463183,0.257,0.075,1,"7","ACADM"
0.000280298979195824,0.639287978600651,0.314,0.101,1,"7","TMX1"
0.000282320320915181,0.451999834706075,0.314,0.102,1,"7","SRA1"
0.000285347575869804,0.532147286269371,0.314,0.1,1,"7","SAP30BP"
0.000291462512564865,0.488099675835138,0.543,0.218,1,"7","FMNL1"
0.000292988226741465,0.272693342078945,0.4,0.137,1,"7","SNW1"
0.000296086028694043,0.511387814602956,0.257,0.075,1,"7","HHEX"
0.00029671337632565,0.783042471062983,0.4,0.147,1,"7","NENF"
0.000296872183175509,0.801835403506427,0.314,0.103,1,"7","ADPGK"
0.000298210170691095,0.55718419935017,0.857,0.444,1,"7","BST2"
0.000299725450112025,0.59089042579231,0.371,0.127,1,"7","PRPF40A"
0.000301722271464649,1.98130096442596,0.343,0.118,1,"7","DHRS4L2"
0.000302763297901206,0.544363245688282,0.657,0.277,1,"7","NDUFV2"
0.000312339967822556,0.387984324419413,0.543,0.206,1,"7","HSPE1"
0.000321879889228962,0.432388751639278,0.657,0.27,1,"7","VASP"
0.000321935446047272,0.643497118506781,0.371,0.13,1,"7","AKR7A2"
0.000322281346717894,0.661174245249615,0.314,0.102,1,"7","ARRDC1"
0.000323936652497363,0.638283116664014,0.857,0.537,1,"7","CALM2"
0.000325298778814223,0.781703441356354,0.286,0.09,1,"7","RNPEP"
0.000326873918588518,0.454831572270081,0.829,0.38,1,"7","H3F3A"
0.000330824165072555,0.587878358626527,0.429,0.154,1,"7","SNRPE"
0.000332561143510567,0.70091221234268,0.257,0.076,1,"7","QDPR"
0.000333335597406519,0.782203981124818,0.257,0.076,1,"7","TMEM259"
0.000333755239562131,0.808196874728742,0.314,0.105,1,"7","MSRB1"
0.000335867445040845,0.627878568230462,0.4,0.147,1,"7","ZYX"
0.000337908942882033,0.571275228602102,0.4,0.144,1,"7","SFT2D1"
0.000339917024986631,0.672211354194785,0.486,0.187,1,"7","LINC00493"
0.000344943484092595,0.676860507319402,0.4,0.15,1,"7","TMEM14C"
0.000350121428008844,0.579666709316911,0.429,0.158,1,"7","TMEM179B"
0.000353053772914283,0.519045607763644,0.657,0.286,1,"7","PDCD6"
0.000362491369744621,0.804905236641597,0.286,0.09,1,"7","ATIC"
0.000368234334241152,0.662814113201753,0.543,0.223,1,"7","C1orf43"
0.000370512064880295,0.502481541840571,0.4,0.144,1,"7","CHCHD5"
0.000376563288971638,1.42703731350725,0.371,0.135,1,"7","FKBP2"
0.000378907789497593,0.838932220045769,0.343,0.122,1,"7","ARHGAP4"
0.000394889846464865,1.09754225635158,0.914,0.589,1,"7","ANXA1"
0.000399596331231757,0.561313032276644,0.857,0.504,1,"7","TPI1"
0.000401258926530164,0.630961881405671,0.6,0.27,1,"7","RPL39"
0.000413252984256772,0.614463898311662,0.286,0.09,1,"7","UFM1"
0.000413429214473209,0.61114053182404,0.257,0.077,1,"7","DCAF7"
0.000414793232704018,0.487487552431698,0.971,0.71,1,"7","CHCHD2"
0.000419581345034903,1.04357861057986,0.314,0.108,1,"7","C9orf89"
0.000423141885469022,0.600173588719886,0.314,0.103,1,"7","NOB1"
0.000423522616442459,0.467148189631388,0.257,0.078,1,"7","NUMB"
0.000424618965228047,0.987683566433436,0.4,0.155,1,"7","MRPL11"
0.000424659121226916,0.560281970428443,0.657,0.308,1,"7","BLOC1S1"
0.000425043770371397,0.667434778762897,0.257,0.078,1,"7","CHCHD3"
0.000435993195071799,0.426806629221125,0.457,0.17,1,"7","GTF2A2"
0.000437653867116309,0.306751852557423,0.429,0.159,1,"7","OAZ2"
0.000444332340286597,0.581055481102187,0.286,0.09,1,"7","NUDT22"
0.000458033485725001,0.871008896063142,0.286,0.093,1,"7","OFD1"
0.000459175579649927,0.499444525274181,0.4,0.145,1,"7","CANX"
0.000462517346080592,0.626399166694612,0.857,0.461,1,"7","SNX3"
0.000468566919618481,0.890654109953331,0.457,0.189,1,"7","ACTR2"
0.000470331008282132,0.472925222983851,0.314,0.103,1,"7","ZCRB1"
0.000470476515539371,0.70490464622183,0.514,0.212,1,"7","CKLF"
0.000484638139234131,0.664918055365625,0.371,0.134,1,"7","XRN2"
0.000492279468467091,0.56615093316637,0.514,0.212,1,"7","BAZ1A"
0.000512270028524494,0.892546830502576,0.257,0.081,1,"7","SSRP1"
0.000518598956346292,0.368460310205931,0.429,0.157,1,"7","PPM1G"
0.000520536217477607,0.460959581006769,0.286,0.092,1,"7","TIMMDC1"
0.000530573928485508,0.442294569354104,0.429,0.16,1,"7","IMPDH2"
0.000542100290028574,0.524855837613398,0.371,0.134,1,"7","PMF1"
0.000554445743968748,0.648426028088549,0.371,0.137,1,"7","NDUFB3"
0.000571090409914995,0.498008055567166,0.343,0.119,1,"7","AMD1"
0.000576280511228714,1.09281382707223,0.314,0.114,1,"7","CD4"
0.000605515169078156,0.325723131869104,0.314,0.103,1,"7","COMMD1"
0.000619207675960817,0.448505703341037,0.714,0.34,1,"7","CD63"
0.00062109525367551,0.404511114440401,0.429,0.161,1,"7","SRP72"
0.000632798185338004,1.12911725961406,0.314,0.113,1,"7","ZDHHC12"
0.000648344973279707,0.270497163661474,0.314,0.107,1,"7","RPL7L1"
0.000650344144614661,0.401335070752392,0.914,0.475,1,"7","COX6A1"
0.000655236528412188,0.773942818264211,0.314,0.107,1,"7","EIF2AK2"
0.000660927095188751,0.642090773620499,0.771,0.405,1,"7","MCL1"
0.000671977831277763,0.976786061341555,0.257,0.083,1,"7","IMPDH1"
0.0006768875993846,0.331139639112893,0.543,0.213,1,"7","NUDC"
0.000689657710687646,0.470804731032998,0.314,0.106,1,"7","SNRPA"
0.000720609586683679,0.511260316731911,0.343,0.12,1,"7","METAP2"
0.000735751628205645,0.488782232470922,0.314,0.108,1,"7","MIF4GD"
0.00075651098544956,0.463999556233443,0.486,0.193,1,"7","HSD17B10"
0.000757955625833899,0.396135384070155,0.286,0.093,1,"7","CCNC"
0.000759301331533517,0.674918644754551,0.429,0.172,1,"7","PRKAR1A"
0.000761704785556939,0.361338886729629,0.771,0.35,1,"7","COX5A"
0.000762968415358984,0.840845616651393,0.286,0.097,1,"7","C1orf123"
0.000763662135353117,0.793002216196465,0.914,0.521,1,"7","SLC25A3"
0.000764499697345032,0.419196291502782,0.857,0.443,1,"7","ISG15"
0.000774218260012279,0.603286226492213,0.314,0.11,1,"7","VBP1"
0.000775860170598746,0.497122161139031,0.343,0.126,1,"7","C20orf27"
0.000786670621340033,0.670051385689241,0.286,0.096,1,"7","STAT6"
0.000818976523263155,0.616837658403812,0.4,0.154,1,"7","BRD2"
0.000820266946274679,0.438051458829205,0.486,0.193,1,"7","ANP32A"
0.00083359260592032,0.255795649493349,0.714,0.324,1,"7","TIMP1"
0.000864501482596716,0.565600514080565,0.629,0.272,1,"7","MTDH"
0.000875522615285655,0.625990479136058,0.457,0.186,1,"7","COX6A1P2"
0.000904566274590724,0.876242349176906,0.714,0.341,1,"7","UBE2L6"
0.000935568305035094,0.408635618341792,0.257,0.083,1,"7","STX16"
0.000937585038590859,0.474881580043903,0.543,0.229,1,"7","SSB"
0.000956409191551077,0.478924497819764,0.771,0.368,1,"7","ATP6V1F"
0.000962468789366317,1.26630016491219,0.257,0.089,1,"7","STARD7"
0.000967783230532918,0.48872653580448,0.629,0.281,1,"7","MSN"
0.000973414998706123,0.394538568194526,0.457,0.187,1,"7","MYADM"
0.000990154789150886,0.541173391770408,0.371,0.138,1,"7","PSENEN"
0.000996776055173454,0.417912876971996,0.829,0.445,1,"7","TRAPPC1"
0.00101097941490906,0.297734433667812,0.6,0.248,1,"7","TOMM22"
0.00102795405403777,0.727987490344623,0.429,0.171,1,"7","MRPL55"
0.00105395918776322,0.470467699241788,0.371,0.141,1,"7","NUP214"
0.0010615075329199,0.42171275889716,1,0.859,1,"7","PABPC1"
0.00107018584022145,0.425075560959653,0.829,0.42,1,"7","PKM"
0.00107035309052148,0.349674089121366,0.371,0.136,1,"7","SET"
0.00110398106785788,0.413336207274594,0.286,0.097,1,"7","NUDT1"
0.0011381731824731,0.59280554699124,0.314,0.112,1,"7","FAM177A1"
0.00114038915188204,0.545377212324892,0.629,0.288,1,"7","CLTA"
0.00115296176029651,0.641795074286788,0.314,0.113,1,"7","UROS"
0.00115728966264841,0.475376999303173,0.314,0.112,1,"7","MRPS18C"
0.00116491449072778,0.711212995535577,0.314,0.116,1,"7","COX7B"
0.00118988649526269,0.443968008656788,0.486,0.207,1,"7","CAPZA2"
0.00122396727430716,0.535141943143122,0.286,0.098,1,"7","RPS6KB2"
0.00126008603503574,1.06641829956201,0.657,0.292,1,"7","SEP15"
0.00127596125201269,0.66587211675897,0.286,0.099,1,"7","MRPL27"
0.001309684284527,0.308480545466398,0.343,0.124,1,"7","GRSF1"
0.00133485736007321,0.251348893728165,0.8,0.35,1,"7","PSMB10"
0.00134862361721626,0.616787436218884,0.857,0.47,1,"7","TPM3"
0.00135223165660203,0.499469976826387,0.571,0.271,1,"7","AHNAK"
0.00137376165923339,0.523492679713881,0.257,0.084,1,"7","NQO2"
0.00138018249911522,0.444865700900808,0.886,0.488,1,"7","LDHA"
0.00139084101805948,0.635550972971363,0.829,0.483,1,"7","FOSB"
0.00139763433805213,0.420805620375772,0.514,0.226,1,"7","GNAI2"
0.00139912801781773,0.467471087145299,0.4,0.16,1,"7","POLR2E"
0.00140700121740134,0.640088242767689,0.4,0.163,1,"7","APLP2"
0.00143043941455323,0.664912342612459,0.286,0.102,1,"7","YBX3"
0.00144329939675406,0.507803124298242,0.314,0.112,1,"7","UQCRB"
0.00145096932362059,0.281552365029606,0.886,0.451,1,"7","NFKBIA"
0.00145264367127587,0.443826921524616,0.486,0.199,1,"7","ILF2"
0.00146905248253335,0.293596303293454,0.486,0.201,1,"7","BRI3"
0.00148377024421077,0.444456591963195,0.543,0.236,1,"7","PDIA6"
0.00149065095666287,0.639469092813797,0.314,0.114,1,"7","RAD23B"
0.0014986664553359,0.409531917947171,0.486,0.194,1,"7","TRIM22"
0.00149868016036404,1.86739458576765,0.257,0.088,1,"7","ACTR1A"
0.00154414450166781,0.507278682363969,0.829,0.472,1,"7","PPIB"
0.00155018547750305,0.450087968871921,0.314,0.115,1,"7","PGD"
0.00156196469763873,0.685023097565051,0.286,0.101,1,"7","LIPA"
0.00158013130119793,0.323732264886172,0.371,0.141,1,"7","NOP56"
0.00159386275657175,0.602069363268867,0.371,0.145,1,"7","PDHB"
0.00160158694783763,0.527811895401799,0.286,0.101,1,"7","DPM1"
0.00160598510830016,0.83417814715684,0.286,0.103,1,"7","EIF3A"
0.00162660227487277,0.772021457844846,0.343,0.134,1,"7","FAM162A"
0.00169147768063821,0.253875672199429,0.257,0.085,1,"7","COPS8"
0.00172352907142239,0.364458909620534,0.543,0.233,1,"7","PTP4A2"
0.001790852398655,0.33942047918275,0.314,0.114,1,"7","HP1BP3"
0.00180297205666044,0.497446436397271,0.457,0.194,1,"7","STK17B"
0.00182816543068242,0.251738465511138,0.286,0.099,1,"7","ADSS"
0.00183105379916737,0.582813858052454,0.257,0.088,1,"7","NSL1"
0.00184689550943444,0.63017255765286,0.571,0.268,1,"7","CASP1"
0.00186188169640142,0.280946408576262,0.429,0.168,1,"7","STRAP"
0.00186775440006406,0.745994866048506,0.257,0.089,1,"7","TMEM167A"
0.00189724923330201,0.329591154704908,0.714,0.337,1,"7","CSNK2B"
0.00190782472482923,0.759970518828445,0.314,0.124,1,"7","ATXN10"
0.00192992000417522,0.447830820291262,0.257,0.088,1,"7","DIAPH1"
0.00193448544092878,0.38778080793864,0.343,0.129,1,"7","MYD88"
0.00195273449476048,0.255840929704682,0.286,0.099,1,"7","ATRX"
0.00196972719588204,0.45681739889461,0.429,0.181,1,"7","IDH2"
0.00201373717594995,0.522845283875944,0.257,0.088,1,"7","ZNF22"
0.00201842595877184,0.415738139602015,0.286,0.101,1,"7","ACADVL"
0.00202320349331409,0.403242535780319,1,0.856,1,"7","RPL23"
0.0020340890875651,0.466825541961,0.657,0.311,1,"7","PSMB7"
0.00205722362033582,0.673715212469375,0.857,0.558,1,"7","UCP2"
0.00205759816343461,0.414766971211555,0.257,0.087,1,"7","PRMT10"
0.00205816049343074,0.475018102501268,0.343,0.129,1,"7","TRABD"
0.00207031105982907,0.376946737976338,0.4,0.161,1,"7","TMEM256"
0.00207269983517466,0.637761306965423,0.314,0.118,1,"7","SEC61G"
0.00208757403428387,0.551607722464193,0.457,0.192,1,"7","MRPL34"
0.00209978688342464,0.373417209109473,0.714,0.342,1,"7","SNRPB"
0.00211101927087635,0.315279997809901,1,0.821,1,"7","ATP5G2"
0.00211848698254654,0.362796996563131,0.686,0.308,1,"7","TMEM230"
0.00220887919479802,0.446458216803884,0.857,0.441,1,"7","C11orf31"
0.00220922118188121,0.426662086423666,0.314,0.117,1,"7","MRPS16"
0.00225661040735931,0.66902842947527,0.314,0.122,1,"7","STX7"
0.00227458816748102,0.251532198155709,0.314,0.114,1,"7","ALKBH5"
0.00227809311224146,0.397407513789283,0.343,0.131,1,"7","GLO1"
0.00228600762856108,0.380999229054913,0.714,0.368,1,"7","C10orf54"
0.00230807515967864,0.384609110728502,0.914,0.561,1,"7","ENO1"
0.00235485762696842,1.06866384841909,0.629,0.291,1,"7","ATP5J"
0.00236867488856681,0.263299027466109,0.714,0.347,1,"7","TKT"
0.00236992717454556,0.928120664241971,0.286,0.109,1,"7","TIMM8B"
0.00238295795125892,0.507137843794153,0.343,0.136,1,"7","STAT1"
0.00240891892489141,0.449136233742313,0.543,0.249,1,"7","TMED9"
0.00246106445314511,0.273223640502023,0.314,0.115,1,"7","POP5"
0.00251138828466625,0.512379104171725,0.286,0.105,1,"7","MIDN"
0.00254293057518464,0.546736723211756,0.286,0.104,1,"7","ZNF581"
0.0025781085501961,0.415474897978128,0.514,0.225,1,"7","MYEOV2"
0.00259992504870601,0.516829391447238,0.371,0.15,1,"7","PARVG"
0.00260310862387716,0.505361185741104,0.686,0.338,1,"7","PLP2"
0.00262232297894707,0.576055125986622,0.829,0.473,1,"7","TSPO"
0.00263009511548869,0.599257814517196,0.457,0.2,1,"7","PHB2"
0.00264359164769664,0.339951756005378,0.314,0.118,1,"7","STX5"
0.00269350341238538,0.25490831971266,0.286,0.106,1,"7","ECHDC1"
0.00270409345244934,0.307457030549952,0.429,0.181,1,"7","TWF2"
0.00271969190226184,0.544573973618762,0.257,0.091,1,"7","SURF2"
0.0027286645206004,0.642215345330745,0.6,0.297,1,"7","PSMD8"
0.00276183649824167,0.348562511632724,0.286,0.104,1,"7","DNPH1"
0.00277185600100175,0.673645562808258,0.257,0.092,1,"7","GBAS"
0.00279057387599304,0.691151045671963,0.686,0.4,1,"7","IFI6"
0.00282805593734417,0.431910976551896,0.429,0.179,1,"7","WSB1"
0.00286448373654145,0.308109228399844,0.571,0.257,1,"7","MZT2A"
0.00287922856461711,0.597190602272,0.571,0.272,1,"7","TMED2"
0.00288077794290089,0.666574269005853,0.343,0.139,1,"7","HADHB"
0.00290125373787117,0.402490284012105,0.514,0.239,1,"7","C9orf142"
0.0029368064505809,0.333754934300382,0.314,0.118,1,"7","MPLKIP"
0.00293983639160331,0.751056537559788,0.257,0.095,1,"7","ZNF511"
0.00297433461554541,0.505098450083983,0.514,0.236,1,"7","ATF4"
0.0029791655757549,0.520246638700957,0.286,0.107,1,"7","RCAN3"
0.0029943810651312,0.483589745966365,0.286,0.105,1,"7","KDELR1"
0.00299511155897682,0.284923549077723,0.486,0.208,1,"7","LSM10"
0.00305389533188231,0.804539114596491,0.543,0.253,1,"7","NDUFC2"
0.00306932674873486,1.21927968344053,0.429,0.183,1,"7","CCT5"
0.00317028812673274,0.321629644957842,0.343,0.133,1,"7","SRSF4"
0.00322839996801878,0.660389753220772,0.486,0.221,1,"7","CCT8"
0.00325777517201731,0.410646130978666,0.343,0.134,1,"7","SSR1"
0.00326895677939961,0.577405190746859,0.257,0.094,1,"7","FLOT2"
0.00326991286433355,0.49410371940463,0.314,0.121,1,"7","TRAPPC4"
0.00333484526886779,0.547072965746402,0.314,0.124,1,"7","RNPEPL1"
0.00338488421246814,0.423111498640245,0.286,0.106,1,"7","RTCB"
0.00343885493661873,0.455844803575376,0.286,0.107,1,"7","ITGAE"
0.00350257385072002,0.348131375830349,0.829,0.397,1,"7","HNRNPC"
0.00352368714388066,0.348643908207324,0.6,0.278,1,"7","RAB5C"
0.00354415502898867,0.330115875299902,0.286,0.105,1,"7","UBE2V2"
0.00358225131258224,0.50322004789223,0.743,0.378,1,"7","PSMB3"
0.00368870026259073,0.252311239853532,0.657,0.294,1,"7","MDH2"
0.00371445226873815,0.286462567405453,0.4,0.167,1,"7","NDUFS2"
0.00375117238875378,0.412786121388216,0.314,0.121,1,"7","PDCL3"
0.00383158775529649,0.292256769823055,0.486,0.209,1,"7","SNRPC"
0.00392558534461156,0.310355968486588,0.314,0.123,1,"7","EMC10"
0.00398441777598097,0.424426210394541,0.543,0.257,1,"7","CHMP1B"
0.00398753951996137,0.253431980136898,0.343,0.139,1,"7","RNF187"
0.00399688830309412,0.422668562347914,0.514,0.235,1,"7","NHP2"
0.00411799325019403,0.314531003599007,0.486,0.212,1,"7","SDHC"
0.00412011648317873,0.371710643239761,0.657,0.315,1,"7","EIF3I"
0.00428079191490501,0.413046284747038,0.257,0.093,1,"7","COX19"
0.00451083877761038,0.450727784699505,0.571,0.276,1,"7","LAMTOR5"
0.0045281453316826,0.326577246423259,0.314,0.122,1,"7","NME4"
0.00459638003680321,0.432328576415653,0.857,0.55,1,"7","PSME2"
0.00466895862683707,0.627853603402976,0.429,0.199,1,"7","ARL5A"
0.00477820076974719,0.476742222479887,0.429,0.186,1,"7","ORMDL1"
0.00495562582860966,0.357431000564687,0.371,0.154,1,"7","PDLIM2"
0.00500446096145076,0.432194992338664,0.314,0.128,1,"7","SRM"
0.00503461104519723,0.469353014859273,0.257,0.096,1,"7","RIN3"
0.00512970352907731,0.451664782593663,0.657,0.308,1,"7","ZNF706"
0.00520474442070322,0.460441853183237,0.543,0.271,1,"7","SCP2"
0.00535136956272692,1.78132051443323,0.457,0.216,1,"7","DNAJC8"
0.00535982093165853,0.466222656340834,0.629,0.282,1,"7","CARD16"
0.00545313593463921,0.388407861947919,0.543,0.264,1,"7","CTSC"
0.00547916683577823,0.289570994467937,0.314,0.126,1,"7","PARL"
0.00556829737466805,0.518624190251191,0.486,0.248,1,"7","RNF7"
0.00558160214191455,0.516874758764439,0.257,0.098,1,"7","SMIM11"
0.00571345415154303,0.296998102883005,0.4,0.173,1,"7","MAGOH"
0.00587930084955892,0.507902688286286,0.8,0.541,1,"7","GPX4"
0.00599806921712078,0.51717393979877,0.371,0.164,1,"7","RNASEH2B"
0.00602371457698822,1.03277849667386,0.257,0.106,1,"7","NR4A1"
0.00616193817339104,0.263856626984673,0.257,0.096,1,"7","PSMD2"
0.00616998341075325,0.511708012718143,0.457,0.218,1,"7","WAS"
0.00633073896528705,0.458338914849405,0.343,0.153,1,"7","LYPLA1"
0.00637049763273261,0.299024780104825,0.257,0.098,1,"7","ANXA4"
0.00637054384945964,0.597958402213707,0.343,0.149,1,"7","PSMA3"
0.00641204590393664,0.425413084743488,0.257,0.098,1,"7","APOPT1"
0.00642154631295949,0.384047668822202,0.314,0.128,1,"7","VCP"
0.00642535567114214,0.594679837770737,0.257,0.1,1,"7","UNC119"
0.00645513348103878,0.296599631891884,0.371,0.158,1,"7","IAH1"
0.00670236496098667,0.414064122621344,0.286,0.114,1,"7","SLIRP"
0.00682900130469832,0.549050877959459,0.343,0.15,1,"7","VIMP"
0.00695557519022776,0.444920671934466,0.514,0.252,1,"7","H2AFV"
0.00707991539602892,0.434438335272687,0.314,0.131,1,"7","SCO2"
0.00713102020945937,0.327807164115511,0.371,0.162,1,"7","ITGB1BP1"
0.00714824095745965,0.31673274828853,0.314,0.129,1,"7","SNRPB2"
0.00720728420016326,0.295296453518803,1,0.804,1,"7","CORO1A"
0.00725212874673476,0.35166234224883,0.429,0.198,1,"7","MRP63"
0.00728209588383619,0.533764396983139,0.286,0.117,1,"7","MAPKAPK3"
0.00757227670970868,0.495642411334741,0.314,0.131,1,"7","SRSF1"
0.00764243544307746,0.519572528802744,0.343,0.155,1,"7","IFNGR2"
0.00773279434487173,0.480531362362126,0.343,0.149,1,"7","CCDC59"
0.00775630358017684,0.347835071670213,0.371,0.167,1,"7","PLEK"
0.00778506580619857,0.311763383043948,0.343,0.144,1,"7","SLTM"
0.0078969214500135,0.252449295882132,0.286,0.115,1,"7","ATOX1"
0.0079446845865969,0.403938146686095,0.943,0.571,1,"7","COX6B1"
0.00810866227787822,0.720065702666938,0.486,0.233,1,"7","MDH1"
0.00817355924664536,0.47148866614022,0.257,0.102,1,"7","CSRNP1"
0.00838349120962448,0.782660185198656,0.457,0.218,1,"7","CHMP5"
0.00838792848652466,0.335880649038624,0.257,0.1,1,"7","MBP"
0.00846060477346047,0.476145680583533,0.286,0.116,1,"7","RSU1"
0.00861933509442113,0.363059864979254,0.771,0.438,1,"7","COX7A2L"
0.00875878287976348,0.564535156968358,0.371,0.172,1,"7","ZFAND5"
0.00900208745258328,0.327396382334608,0.371,0.16,1,"7","PUF60"
0.00919088682105497,0.4660280130006,0.371,0.171,1,"7","ATP6V0D1"
0.0092860414078131,0.270458341563516,0.371,0.164,1,"7","WBSCR22"
0.0094476164229693,1.43049775940237,0.4,0.198,1,"7","TXN"
0.0097562615393519,0.380627269025594,0.257,0.102,1,"7","COPS3"
0.00983904792460815,0.253139937170642,0.314,0.135,1,"7","C12orf75"
0,12.8008311909449,0.929,0.001,0,"8","GP9"
0,12.4009018664164,0.857,0.001,0,"8","AP001189.4"
0,12.0662312492529,0.857,0.001,0,"8","ITGA2B"
0,11.626233806163,0.786,0.001,0,"8","TMEM40"
0,14.2449927260955,0.571,0,0,"8","LY6G6F"
7.11931021428142e-278,11.0415450730981,0.643,0.001,2.33071977795145e-273,"8","SEPT5"
7.47527249737417e-250,11.3979145946224,0.786,0.003,2.44725471019035e-245,"8","PTCRA"
1.8378213332309e-242,10.842937269466,0.714,0.003,6.01665948073133e-238,"8","TREML1"
7.2433552525325e-212,13.1418495690838,0.429,0,2.37132964257409e-207,"8","CLDN5"
8.1895698279773e-212,11.0368436769866,0.429,0,2.68110137028321e-207,"8","HGD"
4.35958539954657e-206,13.8077199376849,0.357,0,1.42724106810356e-201,"8","RP11-879F14.2"
6.79715471138348e-202,11.1076479322958,0.5,0.001,2.22525250941272e-197,"8","C2orf88"
1.2679506399499e-200,9.5919421361115,0.929,0.008,4.15101680506799e-196,"8","SPARC"
7.73117953869045e-200,11.4613160627023,1,0.01,2.53103355737648e-195,"8","PF4"
1.67769445979141e-188,10.3133407277064,0.571,0.002,5.49243612246511e-184,"8","CMTM5"
1.55575260139945e-185,11.2405983712489,0.929,0.01,5.09322286646152e-181,"8","GNG11"
8.97429958655319e-176,9.17391377812467,0.571,0.003,2.93800619864578e-171,"8","GP1BA"
7.28103586681657e-172,10.9891457809928,0.357,0,2.38366552207841e-167,"8","ITGB3"
2.82806755201203e-168,10.4611933615057,0.929,0.011,9.25852755177698e-164,"8","SDPR"
9.53179374951449e-165,9.88180393364973,0.429,0.001,3.12051863771605e-160,"8","SCGB1C1"
1.23392466348984e-155,10.1423420700702,0.5,0.002,4.03962256333302e-151,"8","CLEC1B"
1.43991939311252e-155,9.77939161953748,0.5,0.002,4.71400810917177e-151,"8","AC147651.3"
2.505681995633e-132,10.8659474116123,0.286,0,8.2031017173033e-128,"8","SCN1B"
2.505681995633e-132,10.5780641965963,0.286,0,8.2031017173033e-128,"8","PVALB"
2.80964363587644e-132,9.1096148412268,0.286,0,9.19821133513228e-128,"8","ARHGAP6"
6.20695411442794e-130,9.62912803362493,0.714,0.008,2.03203263798142e-125,"8","ACRBP"
3.4440211725758e-129,10.4055688262924,0.357,0.001,1.12750365147787e-124,"8","FAXDC2"
2.24605935988623e-124,9.7046079897263,0.643,0.007,7.35314913239555e-120,"8","MYL9"
2.27584366677612e-118,10.308221915311,0.857,0.015,7.45065699629165e-114,"8","CLU"
9.05141281828598e-115,10.0111471348043,0.357,0.002,2.96325152845046e-110,"8","C19orf33"
1.77238556345354e-110,10.5212798996345,0.286,0.001,5.8024358576342e-106,"8","PDZK1IP1"
1.94981688448168e-110,9.39739865872463,0.286,0.001,6.38331051641611e-106,"8","TUBA8"
2.14497171222858e-110,9.85364443242488,0.286,0.001,7.02220839149391e-106,"8","CTTN"
3.68454824793109e-110,11.4099048353398,1,0.024,1.20624740540768e-105,"8","PPBP"
1.6413419528643e-103,9.08435868712612,0.357,0.002,5.37342528528713e-99,"8","ESAM"
1.08141208962247e-101,8.02471736836982,0.571,0.007,3.54032689900605e-97,"8","RP11-367G6.3"
4.0190215721107e-100,7.84254630397359,1,0.027,1.3157472822776e-95,"8","NRGN"
9.60437501556812e-100,9.86004036872988,0.786,0.015,3.14428029259669e-95,"8","TUBB1"
5.45986672467925e-96,7.99559407480566,0.643,0.01,1.78745116832549e-91,"8","F13A1"
7.87333426450254e-95,8.89754170870588,0.286,0.001,2.57757217151284e-90,"8","FSTL1"
2.38314533452762e-94,7.41921578011844,1,0.029,7.80194119617652e-90,"8","RGS18"
5.14160707206412e-94,8.65989196542803,0.357,0.002,1.68325932325235e-89,"8","ALOX12"
1.09592250146607e-85,9.07835665634173,0.714,0.015,3.58783108529963e-81,"8","CA2"
3.60260640553616e-83,7.53396406881942,0.571,0.009,1.17942128504443e-78,"8","PTGS1"
1.20495835394249e-78,8.88576707004306,0.857,0.025,3.94479265913691e-74,"8","CD9"
1.55672153310099e-78,7.98619011635983,0.429,0.005,5.09639495506601e-74,"8","C6orf25"
1.07481069515915e-76,8.56592524757041,0.929,0.031,3.51871525381202e-72,"8","HIST1H2AC"
1.52879240550575e-74,7.12350990166758,0.714,0.018,5.00496057714473e-70,"8","SNCA"
4.27239663285724e-70,6.97055683966237,0.571,0.011,1.3986972096648e-65,"8","GAS2L1"
2.53397633461322e-69,8.80345549653526,0.357,0.004,8.29573172425676e-65,"8","HIST1H2BJ"
4.86793936813823e-62,7.85827663116812,0.643,0.018,1.59366599034109e-57,"8","MMD"
2.03974223855351e-60,7.24817739876827,0.286,0.003,6.67770814057649e-56,"8","PCP2"
8.27272399832236e-54,8.51958843858523,0.571,0.016,2.70832438257078e-49,"8","TSC22D1"
5.0458821592754e-52,8.61055692214165,0.357,0.006,1.65192090130358e-47,"8","DMTN"
1.31587089660711e-47,7.46551011823902,0.286,0.004,4.30789814131237e-43,"8","ANKRD9"
1.08761865619123e-41,6.98944676947707,0.286,0.005,3.56064595663886e-37,"8","ABCC3"
1.57469384792531e-40,6.41912593688999,0.857,0.056,5.15523271933789e-36,"8","RUFY1"
2.37465075928242e-40,6.7411791170709,0.714,0.037,7.7741316557388e-36,"8","PGRMC1"
4.49255336079843e-37,7.0078321266732,0.571,0.025,1.47077211925819e-32,"8","TPM1"
3.18904872097517e-35,7.01036927380407,0.429,0.014,1.04403077027285e-30,"8","MAP3K7CL"
1.24524747906656e-32,6.09478888967107,0.357,0.01,4.07669119696809e-28,"8","SENCR"
4.69672758634521e-31,6.27276699144381,0.786,0.062,1.5376146772177e-26,"8","MPP1"
9.4744792989619e-28,5.83982452579947,0.857,0.087,3.10175503289415e-23,"8","NGFRAP1"
9.31812449301512e-27,6.42334581727405,0.357,0.013,3.05056759652329e-22,"8","TPTEP1"
3.19008678914459e-26,5.12713130903332,0.714,0.059,1.04437061303016e-21,"8","PDLIM1"
5.35375502700053e-26,6.36685589476765,0.286,0.008,1.75271232073943e-21,"8","NEXN"
1.6079338281356e-25,5.63431808758399,0.429,0.02,5.26405376655033e-21,"8","MLH3"
3.5001489987819e-24,5.75217299548299,0.929,0.126,1.14587877922122e-19,"8","TPM4"
8.60260677257369e-23,5.06463324630218,0.714,0.071,2.81632140520517e-18,"8","ACTN1"
1.53201163043119e-22,6.21215563385493,0.286,0.01,5.01549967570564e-18,"8","SCFD2"
2.39137766930067e-22,5.29904909009647,0.857,0.109,7.82889221375654e-18,"8","ILK"
5.50067453958253e-21,5.79645751601114,0.286,0.011,1.80081083076853e-16,"8","FAM63A"
1.37875607780275e-19,5.81012550411439,0.643,0.064,4.51377164751063e-15,"8","SNN"
1.41094148818322e-19,6.11058411460642,0.571,0.05,4.61914024401424e-15,"8","PARVB"
1.66419255092247e-19,5.59897835094407,0.786,0.107,5.44823357320999e-15,"8","GRAP2"
8.39134400703505e-19,5.15000323292213,0.429,0.028,2.74715820102314e-14,"8","TMEM91"
9.03965915166474e-19,5.61473365762815,0.571,0.053,2.959403613072e-14,"8","MARCH2"
9.24830469977345e-19,5.45955183101727,0.286,0.012,3.02770999261183e-14,"8","HIST1H2BD"
8.38505961074974e-18,5.77940359940223,0.286,0.013,2.74510081536725e-13,"8","FAH"
9.59315221043156e-18,5.11516377490829,0.5,0.043,3.14060617065108e-13,"8","PLA2G12A"
1.18258112039717e-17,5.43881396006702,0.429,0.03,3.87153407195626e-13,"8","PNMA1"
6.47234160725823e-17,5.0485844183361,0.714,0.098,2.1189151953842e-12,"8","ODC1"
2.39677619565658e-16,5.31383038638037,0.357,0.022,7.84656590934051e-12,"8","P2RX1"
8.32421634855405e-16,5.25264495778777,0.5,0.048,2.72518194818962e-11,"8","GSN"
4.62057798014621e-15,5.95044703212255,0.786,0.141,1.51268481914027e-10,"8","NCOA4"
5.40619607292802e-15,4.75321303009847,0.286,0.016,1.76988047035517e-10,"8","DAAM1"
6.4060382602083e-15,4.96358851356617,0.786,0.148,2.09720880562699e-10,"8","CTSA"
8.04204799106595e-15,4.81146469195493,0.857,0.18,2.63280567131517e-10,"8","FERMT3"
1.67121073859593e-14,4.07787759310297,0.357,0.025,5.47120971601535e-10,"8","H1F0"
2.04676814557355e-14,4.70481311698611,0.5,0.053,6.70070955497869e-10,"8","TUBA1C"
2.78070240340209e-14,5.41025411223699,0.286,0.017,9.10346352825776e-10,"8","KIAA0513"
7.75712436695457e-14,5.11629517727408,0.286,0.017,2.53952737525359e-09,"8","MGLL"
9.29032101485323e-14,3.82720978035499,1,0.36,3.04146529384265e-09,"8","CALM3"
1.06180514779139e-13,4.32025234105298,0.5,0.055,3.47613769283944e-09,"8","UBL4A"
1.48424817957595e-13,4.04629786149211,0.714,0.122,4.85913169029574e-09,"8","CAPN1"
1.80320641617029e-13,5.1854496874183,0.571,0.076,5.90333716525829e-09,"8","HIST1H2BK"
2.18196377067754e-13,4.12678464932664,0.5,0.055,7.14331299244413e-09,"8","CHMP6"
3.97432795928484e-13,5.33926397487534,0.5,0.059,1.30111548731067e-08,"8","MFSD1"
4.37292562182926e-13,4.38054963947318,0.857,0.218,1.43160839007446e-08,"8","CDKN2D"
5.3760542321062e-13,5.57474312536449,0.286,0.019,1.76001263450693e-08,"8","GMPR"
7.00536645898979e-13,5.07959797464022,0.429,0.043,2.29341687134408e-08,"8","CD151"
7.03880987382862e-13,4.90787578172983,1,0.42,2.30436557649401e-08,"8","GPX1"
1.04727014612194e-12,5.06326230364007,0.357,0.03,3.428553004374e-08,"8","FHL1"
1.58685349306701e-12,4.07824931466904,1,0.413,5.19504096560277e-08,"8","RGS10"
2.76230424781568e-12,4.90805235644812,0.5,0.062,9.04323164649898e-08,"8","RNF11"
3.28524530558929e-12,2.97326116452785,1,0.313,1.07552360814382e-07,"8","CCL5"
4.15114945354417e-12,5.00020565211475,0.286,0.02,1.35900330810129e-07,"8","ABHD16A"
5.76083906775591e-12,4.69076508363288,0.357,0.032,1.88598349400193e-07,"8","HIST2H2BE"
1.10888124803218e-11,4.72374677171729,0.286,0.021,3.63025542980776e-07,"8","CD27-AS1"
2.12242256908128e-11,4.31918376133082,0.429,0.048,6.9483870066583e-07,"8","SWI5"
3.42241309904839e-11,3.97554976323881,0.643,0.116,1.12042960036646e-06,"8","RSU1"
4.20492267389059e-11,4.87824249142142,0.429,0.049,1.3766075849783e-06,"8","MCUR1"
7.20416397538655e-11,5.46591405938709,0.357,0.036,2.35849920226205e-06,"8","SLC40A1"
7.54544969158885e-11,3.82180717290566,1,0.51,2.47022932003236e-06,"8","TAGLN2"
1.01581835518979e-10,4.07981547150964,0.5,0.073,3.32558613122032e-06,"8","LEPROT"
5.66552496147589e-10,3.79678571303806,0.857,0.284,1.85477956188798e-05,"8","PRDX6"
6.21124644323992e-10,4.5930089427689,0.786,0.248,2.03343786058788e-05,"8","TUBA4A"
8.08822794876725e-10,3.60133285493106,0.643,0.141,2.64792406586742e-05,"8","TPST2"
1.06399368002818e-09,2.3214273288936,1,0.852,3.48330250967625e-05,"8","MYL6"
1.08248927858642e-09,4.17823538034763,0.429,0.058,3.54385340023622e-05,"8","MPST"
1.79310136265007e-09,5.2353244075887,0.357,0.041,5.87025524104379e-05,"8","XPNPEP1"
1.83963762419165e-09,2.60000820292008,1,0.912,6.02260565407863e-05,"8","OAZ1"
1.96885600496849e-09,3.87854384618795,0.643,0.15,6.44564078906585e-05,"8","H2AFJ"
2.26191065068983e-09,4.29788862197647,0.643,0.153,7.40504308822837e-05,"8","LIMS1"
2.92511219962572e-09,3.97731099133556,0.714,0.195,9.57623231913467e-05,"8","YWHAH"
4.54667273593863e-09,4.18797344658228,0.643,0.152,0.000148848972029159,"8","MAX"
6.07988211673513e-09,2.56698565264806,1,0.858,0.000199043180737675,"8","SH3BGRL3"
8.17051096395167e-09,3.58760053312451,0.357,0.044,0.00026748618793785,"8","PACSIN2"
1.1132666230129e-08,4.33253318375674,0.286,0.029,0.000364461227041964,"8","TMEM140"
1.24237788523381e-08,3.38163669327407,0.857,0.383,0.000406729672067844,"8","H3F3A"
1.38343121452457e-08,3.56751093052785,0.5,0.092,0.000452907711011054,"8","NT5C3A"
1.41146626013271e-08,3.80285704080994,0.429,0.063,0.000462085824242247,"8","ATP2A3"
1.42695508764258e-08,4.45309908857848,0.286,0.029,0.000467156556592429,"8","GLA"
1.4909137162229e-08,2.18981729667653,1,0.792,0.000488095332417054,"8","ITM2B"
1.56451205714835e-08,2.43997358471998,1,0.993,0.000512189957269227,"8","ACTB"
1.63339439466344e-08,3.99441438792372,0.571,0.12,0.000534740656924916,"8","RAB11A"
2.52551430342211e-08,2.52628548974098,0.929,0.526,0.000826802872654329,"8","ARPC5"
2.57423102491635e-08,4.59203208300316,0.357,0.048,0.000842751752937115,"8","CYB5R1"
2.76431612023743e-08,3.76161127699155,0.429,0.067,0.000904981811443331,"8","HIST1H1C"
3.75320688722552e-08,2.74736909611287,1,0.747,0.00122872487073989,"8","ARPC1B"
5.77974939026035e-08,3.42856973153136,0.286,0.031,0.00189217435538344,"8","AGPAT1"
7.55424369108752e-08,3.98493190675622,0.643,0.182,0.00247310829958823,"8","DNAJB6"
9.43781836739455e-08,3.00040562061172,0.714,0.244,0.00308975297711763,"8","ASAH1"
1.09252789303006e-07,2.28810382936555,1,0.873,0.00357671781620181,"8","MYL12A"
2.1326390106959e-07,3.62622504710627,0.429,0.074,0.00698183359321624,"8","RDH11"
2.97166176823036e-07,3.52365900566353,0.786,0.342,0.00972862629683256,"8","LAMTOR1"
3.4701779626811e-07,2.28775379200035,0.929,0.589,0.0113606686142254,"8","SAT1"
3.63864794440056e-07,3.80394354050918,0.286,0.034,0.0119122056403785,"8","GNB5"
5.34585494869381e-07,2.54710720254602,0.857,0.565,0.0175012599310338,"8","OST4"
6.02643530035282e-07,2.60262360635628,0.857,0.464,0.0197293438862951,"8","FKBP1A"
7.86877571687537e-07,2.45445515522123,0.786,0.327,0.0257607979419066,"8","TIMP1"
8.13474155137213e-07,3.11584976013867,0.786,0.338,0.0266315168908821,"8","DYNLL1"
1.05704153549039e-06,4.0939439968835,0.286,0.038,0.0346054257888843,"8","PYGL"
1.15930506950447e-06,3.5642909747566,0.5,0.123,0.0379533293654374,"8","RBBP6"
1.24106962991088e-06,3.81893409671459,0.357,0.06,0.0406301375440224,"8","RIOK3"
1.29784073750253e-06,3.04397299903214,0.571,0.148,0.0424887100643579,"8","NENF"
1.31201742788603e-06,2.907240497161,0.857,0.423,0.042952826554133,"8","PKM"
1.6310021077349e-06,1.77037450364718,1,1,0.0533957470030253,"8","TMSB4X"
1.65800353884334e-06,4.78456560186649,0.286,0.04,0.0542797198546531,"8","APP"
2.01349126332514e-06,3.20636129054439,0.5,0.125,0.0659176769787383,"8","TLN1"
2.55936108002546e-06,3.32701324851365,0.357,0.062,0.0837883630378734,"8","LMNA"
2.5681893129867e-06,3.29151282967173,0.357,0.061,0.0840773817285585,"8","DAP"
2.73631968415046e-06,3.41144842020404,0.429,0.091,0.0895816338197177,"8","PYCR2"
4.40734683896013e-06,2.91214559657449,0.5,0.132,0.144287720813877,"8","UBAC2"
5.03438801238555e-06,3.64201107074936,0.429,0.094,0.164815794749478,"8","RABGAP1L"
5.4046534912908e-06,2.98642026749204,0.5,0.129,0.176937545997878,"8","MTPN"
5.89601562942824e-06,3.26294358937444,0.5,0.14,0.193023759676222,"8","PTPN18"
6.56322083603146e-06,2.47146016029729,0.857,0.577,0.214866723729998,"8","NAP1L1"
6.88777301359805e-06,3.04386937854479,0.643,0.261,0.225491912919173,"8","WDR1"
7.013381635853e-06,3.63965488034917,0.714,0.362,0.229604087994555,"8","RAP1B"
9.87224443677955e-06,3.16101014900361,0.929,0.597,0.323197538371289,"8","SRGN"
1.05806949504494e-05,3.4794798524459,0.429,0.097,0.346390791287813,"8","ABTB1"
1.13549617310035e-05,3.94068138394382,0.357,0.069,0.371738737149592,"8","TAX1BP3"
1.23786394784487e-05,3.14520259329625,0.286,0.044,0.405251899245455,"8","AP1B1"
1.26132433962491e-05,4.3213463170567,0.714,0.369,0.412932362306403,"8","TALDO1"
2.04574162766167e-05,3.50257725567188,0.429,0.102,0.669734894063878,"8","USF2"
2.22929887124509e-05,2.58380497716438,0.571,0.198,0.729827864468219,"8","TGFB1"
2.52080580685818e-05,2.90758310438867,0.5,0.149,0.825261405049231,"8","RAB10"
2.69673652471149e-05,1.51112764871959,0.929,0.809,0.882857603460048,"8","PPDPF"
4.3032118222659e-05,1.53436765028758,0.929,0.856,1,"8","SERF2"
4.34906455148239e-05,1.76591958596553,0.786,0.543,1,"8","GPX4"
5.12270250372599e-05,3.33963858424561,0.286,0.05,1,"8","MTFR1L"
6.26300326023976e-05,3.16670669036739,0.571,0.218,1,"8","NDUFAF3"
6.64370562309487e-05,2.76718181165277,0.714,0.362,1,"8","C9orf16"
8.07505401586753e-05,1.56069021426758,0.857,0.632,1,"8","HMGB1"
0.0001037427841361,2.37146810342869,0.714,0.454,1,"8","ARF1"
0.000113742256976678,3.27686386905979,0.286,0.054,1,"8","TACC3"
0.000114787103044925,2.63887655693371,0.571,0.24,1,"8","DBNL"
0.000114952204504156,3.43177791506405,0.429,0.13,1,"8","ADIPOR1"
0.000117668215798354,2.80509066986067,0.571,0.211,1,"8","FLNA"
0.000141825747372166,3.00813251721804,0.429,0.132,1,"8","STX11"
0.000161858695578472,6.04938222948514,0.5,0.168,1,"8","VDAC3"
0.000248221371019247,1.58336034439212,0.786,0.465,1,"8","SNX3"
0.00029403198164151,2.92625868163648,0.357,0.098,1,"8","TMED3"
0.000294108311427214,3.48582017724451,0.286,0.062,1,"8","MIR4435-1HG"
0.000303457480321073,1.10830147779065,0.929,0.864,1,"8","ACTG1"
0.000347003000785907,3.05657332034163,0.286,0.061,1,"8","RAB37"
0.000351706285525168,3.37102503300208,0.286,0.062,1,"8","SLC39A3"
0.000356015594658536,3.18668536657878,0.286,0.063,1,"8","ITGB1"
0.000388856368284056,2.65157550938161,0.5,0.201,1,"8","SOD2"
0.000429962522942518,3.50664506892064,0.429,0.142,1,"8","SNAP23"
0.000522858138220234,3.57687442337896,0.5,0.206,1,"8","SQSTM1"
0.00055789368236307,3.48286854255617,0.429,0.154,1,"8","SPINT2"
0.000609398311104701,2.49984142077496,0.571,0.265,1,"8","TMEM50A"
0.000709256043075359,3.3390615177436,0.429,0.153,1,"8","WBP2"
0.000774233478186193,3.22138721098465,0.357,0.11,1,"8","C9orf89"
0.000780223345027873,2.11838875011448,0.714,0.505,1,"8","CD99"
0.000829242214216089,2.66521865567006,0.286,0.066,1,"8","SPNS1"
0.000841510726951952,4.027840536796,0.571,0.291,1,"8","GSTO1"
0.0011630168211142,2.72216061852895,0.357,0.107,1,"8","MAGED2"
0.00184843098872972,2.97274513820828,0.357,0.121,1,"8","GLUL"
0.00210818185251664,2.82196634995595,0.286,0.076,1,"8","CYB5R3"
0.00231560494847941,1.14555682036609,1,0.981,1,"8","HLA-C"
0.00241946541226154,2.34310580208895,0.429,0.169,1,"8","PLEK"
0.00242386649944667,2.7292010975402,0.357,0.124,1,"8","HTATIP2"
0.00245686619030656,2.81694140128527,0.286,0.079,1,"8","UBXN11"
0.00249413695400508,3.56382628837791,0.286,0.08,1,"8","SECISBP2"
0.00277951926341187,2.32631410454954,0.714,0.474,1,"8","TPM3"
0.00278826818930453,3.40586330423722,0.357,0.119,1,"8","RAB4A"
0.00295794450419797,2.95116310322847,0.286,0.082,1,"8","G6PD"
0.00298874393182689,1.06981688284042,1,0.915,1,"8","ARHGDIB"
0.00298925206939038,3.50356324858635,0.357,0.132,1,"8","ETFA"
0.00318994735749541,1.34388794249306,0.714,0.466,1,"8","SKP1"
0.00325476799028581,1.91625334925674,0.643,0.442,1,"8","SH3BGRL"
0.00330505454820889,2.67393065331233,0.286,0.085,1,"8","RAB32"
0.00363412322901435,3.69558761175332,0.286,0.088,1,"8","CAMTA1"
0.00381737590502642,0.377979738159046,1,0.99,1,"8","FTH1"
0.00384537560916548,2.26291827479477,0.357,0.118,1,"8","SDHA"
0.00399847751089611,1.01213350447645,0.929,0.851,1,"8","GAPDH"
0.00437498906553959,2.59801948372917,0.286,0.079,1,"8","RNF10"
0.00459507764348982,2.7196930815738,0.286,0.082,1,"8","STOM"
0.00517532519454855,1.98851515774062,0.5,0.288,1,"8","VAPA"
0.00530277585239448,1.94003611402249,0.5,0.243,1,"8","STXBP2"
0.00539714961675799,2.32535646159737,0.357,0.124,1,"8","HSPB1"
0.00562735765478989,2.74053866378399,0.286,0.089,1,"8","DIAPH1"
0.0058807908950175,3.40443372178154,0.357,0.133,1,"8","SVIP"
0.00608451006480226,1.41049425837051,0.857,0.888,1,"8","HLA-E"
0.00724550950994215,3.00801652613336,0.286,0.094,1,"8","TMBIM1"
0.00794424863190644,1.8068333410512,0.357,0.126,1,"8","LDLRAP1"
0.00847924155528399,2.38554976901087,0.286,0.09,1,"8","ARF3"
0.00876685854258327,2.38245708382335,0.357,0.134,1,"8","TUBB4B"
0.00955480032399977,2.15899403187922,0.286,0.09,1,"8","CERS2"
